CustomerID,Gaming,Fitness,Home_Office,Kitchen,Luxury,Outdoor,DIY,Pet_Care,Books,Tech_Gadgets,Total_Spent,Frequency,Recency,Cluster,Persona
5000,0,8,0,1,0,6,0,1,0,0,587,9,8,3,Wellness Enthusiast
5001,9,1,0,1,1,1,1,1,1,3,1959,21,9,4,Elite Gamer
5002,0,11,1,1,1,6,1,0,1,1,1375,11,8,3,Wellness Enthusiast
5003,0,0,4,8,0,0,9,1,1,0,1576,7,11,0,Home Decorator
5004,0,1,0,1,0,1,0,0,7,0,149,4,33,2,Casual Reader
5005,1,7,1,1,1,5,0,1,1,1,1457,8,18,3,Wellness Enthusiast
5006,0,1,1,0,1,0,1,1,8,1,437,3,82,2,Casual Reader
5007,0,1,3,5,0,0,4,0,0,0,1447,10,20,0,Home Decorator
5008,11,0,0,0,0,0,1,0,1,3,3363,21,2,4,Elite Gamer
5009,7,0,1,1,0,0,1,1,1,3,4160,24,3,4,Elite Gamer
5010,1,0,0,1,0,0,0,0,5,1,479,1,80,2,Casual Reader
5011,8,0,1,0,1,1,1,0,0,7,2683,16,3,4,Elite Gamer
5012,8,1,0,1,0,0,1,1,1,8,3481,20,7,4,Elite Gamer
5013,0,1,0,0,16,0,1,0,1,4,12526,2,22,1,Luxury Shopper
5014,1,0,3,5,1,1,7,0,0,1,2320,6,21,0,Home Decorator
5015,1,7,0,0,0,7,0,0,0,1,1065,11,9,3,Wellness Enthusiast
5016,0,9,1,1,0,6,1,1,1,1,683,5,19,3,Wellness Enthusiast
5017,0,1,1,1,16,0,0,1,1,5,9282,2,30,1,Luxury Shopper
5018,11,1,0,1,0,1,0,0,0,6,1988,10,8,4,Elite Gamer
5019,1,11,0,0,1,5,0,1,0,0,1110,11,16,3,Wellness Enthusiast
5020,9,0,1,1,0,1,0,1,1,7,2683,18,9,4,Elite Gamer
5021,1,8,0,1,1,4,1,0,1,1,1467,8,10,3,Wellness Enthusiast
5022,1,0,1,1,0,0,0,0,9,1,437,2,83,2,Casual Reader
5023,0,0,3,11,1,0,6,0,1,1,1439,3,25,0,Home Decorator
5024,10,1,0,1,1,1,1,1,0,5,3574,11,5,4,Elite Gamer
5025,1,0,3,7,0,1,4,1,0,1,1995,7,15,0,Home Decorator
5026,0,6,1,0,0,7,0,0,0,1,690,9,11,3,Wellness Enthusiast
5027,0,11,1,0,1,5,1,1,0,1,787,10,11,3,Wellness Enthusiast
5028,11,1,1,1,0,1,0,0,0,7,3205,12,2,4,Elite Gamer
5029,0,1,1,0,19,1,0,1,0,4,11614,3,42,1,Luxury Shopper
5030,1,0,4,10,0,0,5,0,1,0,2165,3,29,0,Home Decorator
5031,9,1,0,1,0,0,1,0,1,9,2719,15,4,4,Elite Gamer
5032,0,0,5,7,1,0,4,1,1,1,2427,9,35,0,Home Decorator
5033,5,1,0,0,0,1,0,0,1,9,4349,25,9,4,Elite Gamer
5034,0,0,1,0,0,1,0,0,6,0,175,2,45,2,Casual Reader
5035,8,0,0,1,1,0,0,0,1,7,2727,25,5,4,Elite Gamer
5036,0,1,4,6,0,1,7,1,0,1,1561,5,35,0,Home Decorator
5037,1,0,6,8,1,1,6,0,1,0,2487,4,12,0,Home Decorator
5038,0,0,0,0,0,1,0,0,5,1,142,4,58,2,Casual Reader
5039,12,1,1,0,0,1,0,0,0,7,4517,11,3,4,Elite Gamer
5040,1,10,0,1,0,8,0,1,1,0,1260,8,14,3,Wellness Enthusiast
5041,1,1,7,11,0,1,9,1,0,0,2192,9,22,0,Home Decorator
5042,0,0,1,0,0,1,1,1,8,1,286,3,78,2,Casual Reader
5043,8,0,0,1,0,0,1,1,0,5,2890,25,5,4,Elite Gamer
5044,11,0,1,0,0,1,0,0,1,7,2565,16,5,4,Elite Gamer
5045,0,0,0,1,0,1,0,1,4,1,352,2,36,2,Casual Reader
5046,1,1,7,10,0,1,6,0,0,0,2165,6,26,0,Home Decorator
5047,0,0,1,1,13,1,0,0,0,4,9186,2,40,1,Luxury Shopper
5048,1,10,0,0,1,4,1,1,1,1,1434,5,7,3,Wellness Enthusiast
5049,1,0,6,10,0,0,5,0,1,0,1484,7,25,0,Home Decorator
5050,0,1,3,5,0,0,4,0,1,0,2196,8,31,0,Home Decorator
5051,0,9,0,1,1,8,1,1,1,1,507,14,16,3,Wellness Enthusiast
5052,1,1,1,1,1,1,0,0,6,1,244,1,62,2,Casual Reader
5053,0,1,3,7,0,1,8,0,1,1,1249,10,39,0,Home Decorator
5054,0,0,0,1,8,1,0,1,1,4,12449,3,39,1,Luxury Shopper
5055,0,0,0,0,14,0,0,0,0,3,7000,1,45,1,Luxury Shopper
5056,0,0,0,0,0,0,1,1,8,0,177,1,30,2,Casual Reader
5057,0,1,1,0,15,1,1,1,1,4,5249,2,17,1,Luxury Shopper
5058,1,0,7,11,0,1,8,0,0,0,1377,5,16,0,Home Decorator
5059,6,1,1,1,1,1,1,0,0,6,1748,15,1,4,Elite Gamer
5060,1,1,0,1,0,0,0,0,4,1,429,1,98,2,Casual Reader
5061,0,1,0,1,16,0,1,0,0,4,12350,3,25,1,Luxury Shopper
5062,6,1,1,1,1,0,0,1,0,7,4181,28,3,4,Elite Gamer
5063,1,1,1,0,19,0,1,0,0,3,7593,1,28,1,Luxury Shopper
5064,0,8,1,0,0,8,1,0,1,1,836,14,8,3,Wellness Enthusiast
5065,0,0,0,1,17,0,0,1,1,5,13150,2,38,1,Luxury Shopper
5066,1,1,0,1,0,0,0,0,6,1,338,4,47,2,Casual Reader
5067,0,0,4,5,0,0,4,1,1,0,925,11,26,0,Home Decorator
5068,0,11,1,0,0,5,1,0,1,0,1122,12,12,3,Wellness Enthusiast
5069,0,1,7,7,1,1,8,1,1,0,2200,3,30,0,Home Decorator
5070,12,1,0,1,1,1,0,1,1,9,2660,12,3,4,Elite Gamer
5071,10,1,1,0,1,1,1,1,0,8,4428,15,3,4,Elite Gamer
5072,1,0,0,1,17,0,0,1,0,3,13915,1,34,1,Luxury Shopper
5073,0,9,1,1,1,8,0,1,0,0,758,5,10,3,Wellness Enthusiast
5074,1,6,0,1,1,8,0,1,1,1,828,5,13,3,Wellness Enthusiast
5075,1,1,7,8,1,0,5,0,1,1,1175,11,11,0,Home Decorator
5076,13,0,1,1,1,1,1,0,1,7,3817,12,5,4,Elite Gamer
5077,6,0,1,1,1,1,0,0,1,9,2115,23,3,4,Elite Gamer
5078,0,0,0,0,0,0,0,0,5,0,408,4,80,2,Casual Reader
5079,1,1,3,11,0,1,8,1,1,0,1277,9,36,0,Home Decorator
5080,1,0,0,0,0,0,0,0,9,1,421,2,34,2,Casual Reader
5081,0,1,1,0,15,0,1,0,1,4,8228,1,43,1,Luxury Shopper
5082,1,8,1,0,0,6,0,1,1,1,568,8,15,3,Wellness Enthusiast
5083,1,1,1,1,17,0,1,1,0,2,12783,2,32,1,Luxury Shopper
5084,0,1,1,0,1,1,1,1,8,0,427,3,60,2,Casual Reader
5085,1,0,0,1,1,0,1,0,9,0,200,1,65,2,Casual Reader
5086,13,0,0,1,0,0,1,0,0,7,4708,19,4,4,Elite Gamer
5087,1,0,0,0,1,0,1,0,5,1,446,1,72,2,Casual Reader
5088,5,0,1,1,0,0,1,1,0,3,1784,20,6,4,Elite Gamer
5089,1,11,0,0,0,7,0,0,1,1,562,12,5,3,Wellness Enthusiast
5090,1,11,1,0,0,8,1,0,1,1,804,12,7,3,Wellness Enthusiast
5091,10,0,0,1,1,1,1,0,1,5,2330,13,1,4,Elite Gamer
5092,0,6,0,1,1,7,0,1,1,1,1299,6,11,3,Wellness Enthusiast
5093,0,0,0,0,1,0,0,0,9,1,348,3,96,2,Casual Reader
5094,1,0,1,1,18,1,1,1,1,5,9547,1,35,1,Luxury Shopper
5095,0,1,6,9,1,0,6,0,0,0,2108,4,11,0,Home Decorator
5096,0,1,0,1,11,1,0,0,0,2,5804,2,44,1,Luxury Shopper
5097,0,11,0,1,1,6,1,1,0,1,1226,5,6,3,Wellness Enthusiast
5098,8,0,1,1,0,0,0,0,1,4,1941,22,2,4,Elite Gamer
5099,0,6,1,1,0,8,1,0,1,1,652,10,14,3,Wellness Enthusiast
5100,0,1,1,0,0,0,0,1,5,1,367,1,82,2,Casual Reader
5101,10,0,1,0,1,1,1,1,1,5,4366,13,3,4,Elite Gamer
5102,0,8,1,0,1,9,0,0,0,1,597,11,19,3,Wellness Enthusiast
5103,1,0,1,0,11,1,0,1,0,4,12101,3,59,1,Luxury Shopper
5104,12,1,1,0,0,0,1,0,0,4,1524,16,3,4,Elite Gamer
5105,0,1,1,0,19,1,1,1,0,4,9090,1,31,1,Luxury Shopper
5106,0,0,0,1,12,1,1,0,1,2,6750,1,30,1,Luxury Shopper
5107,0,1,0,1,17,0,1,0,0,5,9806,1,37,1,Luxury Shopper
5108,1,1,7,6,0,0,6,0,0,1,1393,6,16,0,Home Decorator
5109,0,1,5,9,1,0,5,0,1,1,1604,10,35,0,Home Decorator
5110,1,0,0,1,0,1,0,1,5,0,260,4,71,2,Casual Reader
5111,1,0,0,1,9,1,0,0,0,5,8810,3,53,1,Luxury Shopper
5112,13,1,0,0,1,0,1,0,1,4,4473,16,4,4,Elite Gamer
5113,1,0,0,0,1,1,1,1,9,1,392,1,77,2,Casual Reader
5114,14,0,0,0,0,0,1,1,1,7,3608,14,6,4,Elite Gamer
5115,0,1,1,0,11,0,1,0,0,4,12827,1,59,1,Luxury Shopper
5116,9,1,0,1,0,0,1,0,1,7,1553,24,7,4,Elite Gamer
5117,0,1,1,0,8,0,1,0,1,5,13194,3,52,1,Luxury Shopper
5118,0,0,0,0,1,1,0,1,6,0,222,4,58,2,Casual Reader
5119,0,1,1,1,18,0,1,0,0,3,14175,3,52,1,Luxury Shopper
5120,0,10,1,1,1,8,1,1,0,1,1092,6,12,3,Wellness Enthusiast
5121,1,0,0,1,8,1,1,1,1,3,9311,3,30,1,Luxury Shopper
5122,0,0,0,1,0,0,0,0,5,0,455,3,56,2,Casual Reader
5123,0,0,0,0,1,0,0,0,5,1,259,3,82,2,Casual Reader
5124,0,1,1,1,1,0,0,1,8,1,145,3,46,2,Casual Reader
5125,11,1,1,1,0,0,1,1,0,4,2756,11,5,4,Elite Gamer
5126,10,1,1,1,1,1,0,1,0,3,2385,10,6,4,Elite Gamer
5127,0,1,1,1,1,0,0,1,6,0,480,4,36,2,Casual Reader
5128,6,1,0,0,1,0,0,1,0,8,2237,13,1,4,Elite Gamer
5129,8,0,0,0,0,0,0,1,1,8,3062,12,1,4,Elite Gamer
5130,1,1,0,0,10,1,0,0,1,2,10626,1,52,1,Luxury Shopper
5131,0,8,1,0,0,7,1,1,0,1,929,13,5,3,Wellness Enthusiast
5132,9,0,0,1,1,1,0,0,0,6,1877,12,4,4,Elite Gamer
5133,0,1,1,0,0,1,1,1,9,0,418,2,31,2,Casual Reader
5134,0,1,0,0,1,0,1,1,9,1,194,2,61,2,Casual Reader
5135,0,0,1,1,0,1,0,1,4,1,175,1,75,2,Casual Reader
5136,5,1,1,1,1,0,1,1,1,4,3772,10,9,4,Elite Gamer
5137,0,11,1,1,1,5,1,1,0,1,642,6,14,3,Wellness Enthusiast
5138,11,1,0,0,0,0,1,0,1,9,2939,18,2,4,Elite Gamer
5139,1,1,1,1,18,1,0,0,0,5,5207,2,36,1,Luxury Shopper
5140,0,0,7,11,1,1,7,1,1,1,2360,5,35,0,Home Decorator
5141,1,9,0,1,0,5,0,0,1,0,1465,6,7,3,Wellness Enthusiast
5142,1,10,0,0,0,9,1,0,0,0,1458,5,11,3,Wellness Enthusiast
5143,1,0,6,8,0,1,9,0,1,1,1755,10,27,0,Home Decorator
5144,1,0,1,1,9,1,1,1,1,5,14989,3,56,1,Luxury Shopper
5145,1,1,0,1,8,0,1,1,0,4,8591,2,37,1,Luxury Shopper
5146,1,1,1,0,0,0,1,0,9,1,415,1,43,2,Casual Reader
5147,0,1,7,6,1,0,6,0,0,1,1060,3,17,0,Home Decorator
5148,1,0,4,6,0,0,8,0,1,1,1643,11,10,0,Home Decorator
5149,1,0,7,7,0,1,8,1,1,0,2027,7,26,0,Home Decorator
5150,1,1,1,0,9,1,1,0,0,3,5968,3,51,1,Luxury Shopper
5151,0,0,0,0,8,0,0,0,0,4,6229,2,34,1,Luxury Shopper
5152,1,0,0,1,15,0,1,0,0,4,11570,2,37,1,Luxury Shopper
5153,1,0,1,1,0,1,1,1,5,1,440,1,37,2,Casual Reader
5154,14,0,0,1,0,1,0,0,0,8,3661,27,1,4,Elite Gamer
5155,0,1,0,1,8,1,0,1,1,4,8124,1,55,1,Luxury Shopper
5156,13,1,1,1,1,0,0,0,0,7,4136,18,4,4,Elite Gamer
5157,1,1,1,1,0,1,1,1,6,0,464,3,30,2,Casual Reader
5158,9,0,0,0,0,0,1,1,0,5,4375,10,1,4,Elite Gamer
5159,0,1,3,6,0,0,9,1,1,1,1826,7,35,0,Home Decorator
5160,1,1,1,0,12,1,0,1,0,4,13234,3,20,1,Luxury Shopper
5161,1,0,0,0,0,0,0,0,8,0,223,3,54,2,Casual Reader
5162,0,0,1,0,0,1,0,1,7,0,472,4,56,2,Casual Reader
5163,1,0,1,1,11,1,1,1,1,3,9445,3,21,1,Luxury Shopper
5164,1,0,0,0,0,0,1,0,5,0,135,4,97,2,Casual Reader
5165,10,0,1,1,0,1,0,0,0,8,2800,18,9,4,Elite Gamer
5166,1,1,0,0,1,1,1,1,6,1,392,4,79,2,Casual Reader
5167,1,1,0,1,0,1,0,1,5,0,168,3,78,2,Casual Reader
5168,1,0,0,0,0,1,1,0,7,0,259,3,39,2,Casual Reader
5169,0,7,0,1,0,6,1,0,0,0,1053,10,17,3,Wellness Enthusiast
5170,0,0,0,1,1,1,0,1,5,1,387,3,65,2,Casual Reader
5171,8,1,0,0,1,0,0,1,0,7,4108,11,5,4,Elite Gamer
5172,14,0,1,1,1,1,0,1,1,5,1841,15,2,4,Elite Gamer
5173,1,1,0,0,19,0,1,1,1,3,8374,1,30,1,Luxury Shopper
5174,1,0,7,7,1,0,9,1,1,1,2102,5,17,0,Home Decorator
5175,10,1,1,1,0,0,1,0,1,4,1955,16,1,4,Elite Gamer
5176,1,1,1,1,0,1,1,0,8,1,165,1,31,2,Casual Reader
5177,0,0,0,0,14,1,0,1,1,3,6442,2,57,1,Luxury Shopper
5178,1,0,4,9,1,0,6,1,1,1,2493,8,12,0,Home Decorator
5179,1,1,0,0,0,0,1,0,5,0,305,4,39,2,Casual Reader
5180,0,0,1,0,13,0,1,0,1,3,7530,1,20,1,Luxury Shopper
5181,8,1,1,0,1,1,0,0,1,4,4536,15,2,4,Elite Gamer
5182,0,0,0,0,0,1,1,0,6,1,277,1,60,2,Casual Reader
5183,0,0,0,0,0,0,0,1,6,1,362,4,45,2,Casual Reader
5184,8,1,0,1,0,0,0,1,1,6,1623,15,7,4,Elite Gamer
5185,0,1,0,1,1,0,0,0,9,1,113,3,34,2,Casual Reader
5186,14,1,0,0,1,1,0,0,1,9,2400,10,5,4,Elite Gamer
5187,0,0,0,1,8,0,1,1,0,5,9798,1,40,1,Luxury Shopper
5188,10,1,1,1,1,1,0,0,0,4,3568,19,1,4,Elite Gamer
5189,0,1,0,0,17,1,1,1,0,3,8897,1,42,1,Luxury Shopper
5190,1,1,0,1,1,0,0,0,8,0,168,4,73,2,Casual Reader
5191,0,1,7,7,0,0,4,0,0,0,947,7,17,0,Home Decorator
5192,1,8,0,1,0,5,0,0,1,0,760,9,18,3,Wellness Enthusiast
5193,1,1,1,1,15,1,1,1,0,5,13551,1,23,1,Luxury Shopper
5194,1,7,0,1,1,9,1,0,0,0,1266,6,14,3,Wellness Enthusiast
5195,1,0,1,1,1,0,0,1,7,1,325,3,39,2,Casual Reader
5196,1,6,0,0,0,5,0,1,1,1,1289,8,18,3,Wellness Enthusiast
5197,1,1,0,1,14,1,0,0,1,4,9875,1,32,1,Luxury Shopper
5198,1,0,1,1,1,1,1,0,6,1,355,2,51,2,Casual Reader
5199,1,1,0,0,18,1,0,0,0,3,14678,3,37,1,Luxury Shopper
5200,0,1,0,0,10,0,1,0,0,4,7460,2,53,1,Luxury Shopper
5201,0,1,5,8,1,1,8,1,1,0,1248,6,17,0,Home Decorator
5202,6,1,1,0,0,1,0,1,1,3,3659,22,9,4,Elite Gamer
5203,1,1,3,6,1,1,8,1,1,0,1843,5,32,0,Home Decorator
5204,0,0,4,10,0,0,6,1,1,1,2292,8,17,0,Home Decorator
5205,11,1,1,1,1,0,0,1,0,6,4792,23,3,4,Elite Gamer
5206,6,1,0,1,1,1,1,1,1,5,3706,28,1,4,Elite Gamer
5207,0,1,1,0,1,1,1,1,7,0,291,3,77,2,Casual Reader
5208,1,9,0,0,0,6,0,1,0,0,802,13,16,3,Wellness Enthusiast
5209,0,11,1,1,1,7,0,0,0,1,574,11,13,3,Wellness Enthusiast
5210,0,0,1,0,13,1,0,0,0,2,7757,1,59,1,Luxury Shopper
5211,0,1,0,1,1,0,0,0,7,0,148,1,93,2,Casual Reader
5212,1,1,3,5,0,0,7,0,0,1,2005,11,29,0,Home Decorator
5213,1,0,1,1,1,1,1,1,6,0,319,2,39,2,Casual Reader
5214,1,8,1,0,0,7,1,0,0,1,1349,14,15,3,Wellness Enthusiast
5215,12,1,0,0,0,1,0,0,1,5,2671,24,7,4,Elite Gamer
5216,1,10,1,1,1,6,0,1,0,1,1098,14,9,3,Wellness Enthusiast
5217,0,0,6,6,1,1,8,0,0,0,1694,11,16,0,Home Decorator
5218,0,0,1,0,0,1,1,1,9,0,276,1,99,2,Casual Reader
5219,1,7,1,0,0,5,1,1,0,1,643,7,17,3,Wellness Enthusiast
5220,1,1,0,1,1,1,0,1,6,1,418,1,93,2,Casual Reader
5221,0,10,1,0,1,9,1,1,0,1,1127,13,12,3,Wellness Enthusiast
5222,1,0,0,1,8,1,1,0,1,3,14203,3,20,1,Luxury Shopper
5223,0,9,0,1,0,5,0,0,0,1,507,12,16,3,Wellness Enthusiast
5224,1,0,0,1,0,0,0,0,5,1,141,4,99,2,Casual Reader
5225,0,1,0,0,0,0,1,0,4,1,319,1,37,2,Casual Reader
5226,1,1,0,0,16,1,1,1,1,5,12183,1,59,1,Luxury Shopper
5227,0,1,0,1,14,1,1,1,0,5,13004,1,17,1,Luxury Shopper
5228,0,1,6,9,1,1,4,0,0,1,2309,4,15,0,Home Decorator
5229,1,0,0,1,0,1,1,0,5,1,230,4,59,2,Casual Reader
5230,13,1,1,1,1,0,0,0,1,5,2442,27,9,4,Elite Gamer
5231,1,1,7,5,1,0,7,0,0,0,1071,4,11,0,Home Decorator
5232,1,8,0,0,1,7,1,1,0,1,941,13,19,3,Wellness Enthusiast
5233,0,9,0,0,0,4,1,1,1,1,1050,13,7,3,Wellness Enthusiast
5234,6,1,0,0,1,0,0,0,0,8,4097,23,4,4,Elite Gamer
5235,1,11,0,1,0,5,0,1,0,0,1113,11,10,3,Wellness Enthusiast
5236,0,1,0,0,14,0,0,1,1,3,12230,1,33,1,Luxury Shopper
5237,1,1,1,0,8,1,1,0,1,5,6762,1,28,1,Luxury Shopper
5238,1,0,1,1,1,1,0,0,4,1,219,3,84,2,Casual Reader
5239,1,0,7,9,1,0,8,1,1,1,2127,6,14,0,Home Decorator
5240,0,0,6,5,0,0,8,0,0,1,1237,11,28,0,Home Decorator
5241,0,1,1,0,11,1,1,0,0,4,6478,2,26,1,Luxury Shopper
5242,1,1,3,11,1,0,9,0,0,1,1372,8,35,0,Home Decorator
5243,0,1,1,0,10,0,0,0,0,5,11892,1,27,1,Luxury Shopper
5244,0,1,7,11,1,0,8,1,0,1,1503,8,39,0,Home Decorator
5245,1,6,0,0,0,8,0,0,0,0,1203,7,15,3,Wellness Enthusiast
5246,9,0,0,1,1,0,1,1,1,7,4839,25,1,4,Elite Gamer
5247,0,1,1,0,14,0,0,1,0,2,10806,2,32,1,Luxury Shopper
5248,8,0,0,1,1,0,0,0,1,3,1831,28,9,4,Elite Gamer
5249,0,0,0,1,9,0,0,0,1,4,12544,3,42,1,Luxury Shopper
5250,6,0,0,1,0,1,0,1,1,3,1767,12,1,4,Elite Gamer
5251,12,1,0,0,1,0,0,0,0,3,4865,20,2,4,Elite Gamer
5252,0,0,6,7,1,1,6,1,1,1,1995,11,32,0,Home Decorator
5253,1,7,1,0,0,7,1,1,0,1,1432,11,8,3,Wellness Enthusiast
5254,7,0,0,1,0,0,1,1,1,5,4554,20,1,4,Elite Gamer
5255,8,0,1,1,1,1,1,1,1,3,3400,27,5,4,Elite Gamer
5256,1,8,0,0,0,6,1,0,1,1,733,7,6,3,Wellness Enthusiast
5257,0,9,0,1,1,8,1,0,0,1,534,11,10,3,Wellness Enthusiast
5258,1,0,0,0,0,0,0,1,8,0,323,4,51,2,Casual Reader
5259,0,0,4,7,1,0,6,0,0,0,2177,5,35,0,Home Decorator
5260,12,0,1,0,1,0,0,1,0,7,4030,22,2,4,Elite Gamer
5261,0,0,7,6,1,1,6,1,0,1,1798,7,17,0,Home Decorator
5262,10,0,1,1,0,0,1,0,0,7,4711,20,7,4,Elite Gamer
5263,7,1,1,0,1,1,1,1,0,4,4875,21,4,4,Elite Gamer
5264,0,0,1,1,18,0,0,1,1,4,7808,3,31,1,Luxury Shopper
5265,1,0,1,1,10,0,0,0,1,5,6863,1,31,1,Luxury Shopper
5266,0,1,1,0,0,1,0,0,9,0,288,3,51,2,Casual Reader
5267,0,0,1,1,1,1,1,0,5,1,268,4,64,2,Casual Reader
5268,0,11,0,0,0,6,1,1,0,1,564,8,13,3,Wellness Enthusiast
5269,0,0,0,1,1,0,1,1,4,0,263,3,95,2,Casual Reader
5270,7,0,1,1,1,1,1,1,0,5,2409,22,2,4,Elite Gamer
5271,10,0,1,1,1,1,0,0,1,6,3869,11,8,4,Elite Gamer
5272,1,8,0,0,1,9,1,1,1,0,1232,11,9,3,Wellness Enthusiast
5273,0,0,1,0,16,0,0,0,0,3,5182,3,46,1,Luxury Shopper
5274,1,1,6,8,1,1,9,1,1,1,852,10,24,0,Home Decorator
5275,0,1,4,10,0,1,5,1,0,0,1153,11,21,0,Home Decorator
5276,0,0,3,5,0,1,5,1,1,1,1189,7,21,0,Home Decorator
5277,0,1,0,0,0,0,0,0,7,1,199,2,44,2,Casual Reader
5278,0,0,1,1,14,1,0,0,0,3,6948,1,41,1,Luxury Shopper
5279,0,1,0,0,15,0,0,0,0,5,5522,1,18,1,Luxury Shopper
5280,1,0,0,1,0,0,1,0,8,0,403,3,57,2,Casual Reader
5281,0,0,1,1,14,1,0,1,0,2,7257,1,27,1,Luxury Shopper
5282,1,1,7,8,1,0,8,1,1,0,961,11,33,0,Home Decorator
5283,1,1,0,1,13,1,1,0,1,3,10184,1,57,1,Luxury Shopper
5284,0,11,1,1,1,8,1,0,0,1,1176,10,12,3,Wellness Enthusiast
5285,0,1,1,1,19,0,0,0,1,3,9979,1,57,1,Luxury Shopper
5286,1,1,1,1,8,1,0,1,1,5,7745,3,56,1,Luxury Shopper
5287,1,0,1,0,1,0,1,1,4,0,154,2,36,2,Casual Reader
5288,1,8,1,1,0,4,1,0,0,1,659,12,5,3,Wellness Enthusiast
5289,1,1,0,1,0,1,1,0,8,0,197,2,57,2,Casual Reader
5290,1,0,5,8,1,1,5,0,0,0,1966,8,18,0,Home Decorator
5291,1,8,0,1,0,6,0,1,0,0,960,9,12,3,Wellness Enthusiast
5292,0,0,1,0,0,0,0,0,9,1,287,1,76,2,Casual Reader
5293,12,1,1,0,1,0,1,1,0,8,3196,27,6,4,Elite Gamer
5294,0,1,4,10,0,1,9,1,1,1,2413,5,39,0,Home Decorator
5295,1,1,0,0,9,0,0,1,0,4,9958,2,55,1,Luxury Shopper
5296,9,1,1,1,1,0,1,1,0,3,3821,28,7,4,Elite Gamer
5297,6,1,1,1,1,1,0,0,0,3,2118,20,5,4,Elite Gamer
5298,1,0,1,0,8,1,1,1,1,4,10158,1,34,1,Luxury Shopper
5299,1,0,5,8,0,0,5,1,0,1,969,10,11,0,Home Decorator
5300,1,0,6,9,0,0,5,0,1,0,2088,8,33,0,Home Decorator
5301,1,0,0,1,11,0,0,0,0,2,14821,3,49,1,Luxury Shopper
5302,0,1,1,0,18,0,1,0,1,3,8008,2,15,1,Luxury Shopper
5303,14,1,1,0,1,0,0,0,0,3,2924,11,8,4,Elite Gamer
5304,0,7,0,1,0,6,0,0,0,1,902,11,19,3,Wellness Enthusiast
5305,1,1,0,0,9,1,0,1,1,5,8180,1,22,1,Luxury Shopper
5306,7,1,0,1,1,1,0,0,1,7,3420,12,8,4,Elite Gamer
5307,0,0,1,1,9,1,1,1,1,2,11614,1,37,1,Luxury Shopper
5308,0,1,0,1,13,0,0,0,1,2,14865,3,53,1,Luxury Shopper
5309,0,11,0,1,0,6,0,1,1,1,1010,8,19,3,Wellness Enthusiast
5310,0,0,3,7,1,1,9,0,1,0,2205,8,13,0,Home Decorator
5311,1,1,0,1,17,1,0,1,0,3,9538,2,23,1,Luxury Shopper
5312,1,8,1,0,0,8,1,1,0,0,1368,10,5,3,Wellness Enthusiast
5313,0,0,3,11,0,0,6,1,1,0,1806,9,35,0,Home Decorator
5314,1,0,0,1,0,0,0,0,9,1,439,4,32,2,Casual Reader
5315,14,1,1,0,0,0,1,0,0,9,4671,13,2,4,Elite Gamer
5316,11,1,0,1,1,1,0,1,1,6,4275,28,6,4,Elite Gamer
5317,0,1,5,9,0,0,9,1,1,1,1458,11,29,0,Home Decorator
5318,1,0,1,1,1,0,0,0,9,0,474,3,45,2,Casual Reader
5319,0,1,1,1,12,1,0,0,1,4,5139,1,20,1,Luxury Shopper
5320,0,6,1,0,1,6,0,0,1,1,1225,9,15,3,Wellness Enthusiast
5321,11,0,1,0,0,1,1,0,0,5,1627,29,8,4,Elite Gamer
5322,1,11,0,1,1,5,0,1,0,1,824,13,9,3,Wellness Enthusiast
5323,6,0,0,0,0,1,0,0,0,3,3326,25,2,4,Elite Gamer
5324,1,11,1,1,0,7,0,0,0,0,1486,13,10,3,Wellness Enthusiast
5325,0,1,0,0,1,1,0,1,9,0,306,3,39,2,Casual Reader
5326,1,1,5,8,0,1,4,1,1,0,1977,11,19,0,Home Decorator
5327,0,1,0,1,0,0,1,1,9,1,124,1,57,2,Casual Reader
5328,0,1,0,0,0,1,0,0,4,1,336,2,61,2,Casual Reader
5329,1,1,0,1,1,0,1,1,6,1,440,3,54,2,Casual Reader
5330,0,1,3,5,0,0,6,0,1,1,1864,4,29,0,Home Decorator
5331,0,6,0,0,0,4,1,0,1,0,865,9,15,3,Wellness Enthusiast
5332,1,7,0,1,0,9,1,0,0,1,803,11,14,3,Wellness Enthusiast
5333,0,0,1,0,13,0,1,1,0,2,6014,3,22,1,Luxury Shopper
5334,5,0,0,0,1,0,0,0,0,8,4096,18,2,4,Elite Gamer
5335,0,1,0,1,0,0,1,1,7,1,213,4,66,2,Casual Reader
5336,1,1,0,1,1,0,1,0,9,1,355,3,90,2,Casual Reader
5337,1,1,7,5,0,0,4,1,1,1,1807,7,26,0,Home Decorator
5338,9,1,0,0,0,0,1,0,0,3,1695,21,8,4,Elite Gamer
5339,0,0,6,10,1,1,8,0,0,0,1421,3,19,0,Home Decorator
5340,1,11,0,0,0,4,1,0,0,0,1129,9,14,3,Wellness Enthusiast
5341,1,0,1,0,12,0,0,1,0,4,7700,2,37,1,Luxury Shopper
5342,0,1,3,10,0,1,4,1,1,1,1437,5,23,0,Home Decorator
5343,11,1,0,1,1,0,1,1,0,9,4305,28,6,4,Elite Gamer
5344,1,8,1,0,0,6,0,0,1,0,829,12,19,3,Wellness Enthusiast
5345,0,1,1,0,0,1,0,1,8,1,147,1,93,2,Casual Reader
5346,0,1,1,1,10,0,0,0,1,4,5816,3,15,1,Luxury Shopper
5347,14,0,0,0,0,0,0,0,0,6,2667,18,8,4,Elite Gamer
5348,0,0,1,1,0,0,1,0,9,0,438,3,95,2,Casual Reader
5349,0,0,6,6,1,1,9,1,1,0,1550,11,17,0,Home Decorator
5350,1,1,0,0,11,1,1,0,0,5,5634,2,43,1,Luxury Shopper
5351,0,1,5,8,1,0,7,1,1,0,1945,4,39,0,Home Decorator
5352,0,1,0,1,11,0,1,0,1,5,5249,2,51,1,Luxury Shopper
5353,1,0,5,8,1,0,8,0,0,1,1382,11,37,0,Home Decorator
5354,1,7,1,0,0,8,0,1,1,1,1256,10,18,3,Wellness Enthusiast
5355,12,0,0,0,1,1,1,1,0,7,2454,11,1,4,Elite Gamer
5356,1,1,3,10,0,1,9,1,0,1,1038,5,15,0,Home Decorator
5357,0,0,1,0,1,1,0,1,6,0,455,3,51,2,Casual Reader
5358,14,0,0,1,1,0,0,1,1,7,3887,21,1,4,Elite Gamer
5359,0,0,4,9,1,0,7,1,0,0,1701,11,33,0,Home Decorator
5360,1,8,0,0,0,4,0,1,1,1,681,10,15,3,Wellness Enthusiast
5361,0,0,0,0,10,0,1,0,0,4,11396,1,49,1,Luxury Shopper
5362,7,0,0,1,0,1,0,1,1,8,1665,23,8,4,Elite Gamer
5363,1,1,1,0,0,1,0,1,8,0,440,1,39,2,Casual Reader
5364,1,6,0,0,0,7,1,1,0,0,547,7,11,3,Wellness Enthusiast
5365,1,1,0,1,19,0,0,0,0,3,10232,2,34,1,Luxury Shopper
5366,1,0,1,0,15,1,0,0,1,4,14290,1,58,1,Luxury Shopper
5367,0,0,3,11,0,1,7,1,0,0,2478,10,21,0,Home Decorator
5368,5,0,0,0,1,1,1,1,1,9,4630,20,8,4,Elite Gamer
5369,1,1,0,1,12,1,1,0,0,2,7789,2,50,1,Luxury Shopper
5370,14,1,1,1,0,1,1,1,0,8,2139,29,4,4,Elite Gamer
5371,1,8,0,0,1,8,0,0,1,1,714,12,19,3,Wellness Enthusiast
5372,9,1,0,1,0,0,0,0,0,8,3913,29,7,4,Elite Gamer
5373,1,0,6,6,1,1,5,0,1,0,1369,4,36,0,Home Decorator
5374,1,1,6,10,1,0,4,1,0,0,855,9,17,0,Home Decorator
5375,1,9,0,1,1,8,1,0,1,0,512,8,9,3,Wellness Enthusiast
5376,10,0,1,1,1,0,1,0,1,4,1530,20,5,4,Elite Gamer
5377,1,1,3,11,1,0,4,1,1,1,2070,11,32,0,Home Decorator
5378,12,1,0,1,0,0,1,1,0,3,2922,19,7,4,Elite Gamer
5379,0,1,0,1,16,1,0,0,1,4,8915,2,33,1,Luxury Shopper
5380,0,0,1,1,1,0,0,1,9,0,496,1,35,2,Casual Reader
5381,0,1,5,5,0,1,8,1,0,1,1285,8,33,0,Home Decorator
5382,10,0,1,0,0,1,1,1,1,9,1571,15,3,4,Elite Gamer
5383,1,0,1,0,11,0,0,0,0,2,9820,2,34,1,Luxury Shopper
5384,1,10,0,0,0,4,1,0,1,1,1449,8,5,3,Wellness Enthusiast
5385,0,0,5,7,1,1,5,0,0,1,1580,9,14,0,Home Decorator
5386,0,0,4,11,1,1,8,0,0,1,1037,4,22,0,Home Decorator
5387,1,0,1,0,0,1,0,1,7,0,301,4,82,2,Casual Reader
5388,7,1,0,0,1,0,1,0,0,5,2621,25,9,4,Elite Gamer
5389,1,9,0,1,0,4,1,1,0,1,606,12,14,3,Wellness Enthusiast
5390,0,10,0,0,0,9,1,1,0,0,841,6,10,3,Wellness Enthusiast
5391,5,0,1,1,0,0,0,0,0,7,4686,11,8,4,Elite Gamer
5392,1,0,0,1,14,1,1,1,1,2,12538,2,40,1,Luxury Shopper
5393,1,1,0,1,19,1,0,0,1,3,11226,2,49,1,Luxury Shopper
5394,12,0,1,0,1,1,1,1,0,4,4447,15,9,4,Elite Gamer
5395,1,8,0,1,0,5,0,0,0,1,1419,10,14,3,Wellness Enthusiast
5396,1,1,1,1,18,0,1,0,0,5,5270,3,26,1,Luxury Shopper
5397,1,1,0,1,11,0,1,1,1,4,14903,3,15,1,Luxury Shopper
5398,1,1,7,9,0,0,9,0,1,1,2304,6,15,0,Home Decorator
5399,1,1,1,1,0,1,0,0,5,0,488,2,76,2,Casual Reader
5400,12,1,0,1,0,1,1,0,1,4,3685,29,1,4,Elite Gamer
5401,10,0,1,0,1,0,0,0,0,7,4768,18,2,4,Elite Gamer
5402,1,0,1,0,1,1,1,0,6,0,480,2,87,2,Casual Reader
5403,0,1,3,9,1,0,4,0,0,1,1560,8,19,0,Home Decorator
5404,0,1,1,0,8,1,1,1,0,3,13848,2,31,1,Luxury Shopper
5405,0,10,0,1,1,6,1,0,0,1,768,5,19,3,Wellness Enthusiast
5406,0,7,1,0,1,8,0,0,0,1,1485,8,10,3,Wellness Enthusiast
5407,11,1,1,1,0,0,1,1,0,9,1518,20,3,4,Elite Gamer
5408,5,1,1,0,1,1,1,1,1,9,3910,27,1,4,Elite Gamer
5409,1,0,5,10,1,1,7,1,0,0,1531,6,22,0,Home Decorator
5410,1,6,1,0,0,8,1,1,0,0,1461,12,11,3,Wellness Enthusiast
5411,0,0,1,0,9,1,0,1,1,3,10316,1,43,1,Luxury Shopper
5412,1,10,1,0,0,9,1,1,1,1,1119,8,17,3,Wellness Enthusiast
5413,1,1,1,0,11,1,1,0,0,3,7671,3,17,1,Luxury Shopper
5414,0,0,1,1,13,1,0,0,0,5,12701,1,34,1,Luxury Shopper
5415,0,11,0,0,1,4,0,1,1,0,1029,5,15,3,Wellness Enthusiast
5416,0,1,0,0,16,0,0,1,1,5,7017,1,39,1,Luxury Shopper
5417,1,0,1,1,1,0,0,0,6,1,215,4,39,2,Casual Reader
5418,0,7,0,1,0,7,0,0,1,1,620,14,6,3,Wellness Enthusiast
5419,10,1,0,0,1,0,0,0,1,3,2887,20,4,4,Elite Gamer
5420,1,1,0,0,14,0,0,1,0,3,9670,1,57,1,Luxury Shopper
5421,0,0,1,1,19,1,0,1,1,3,14117,3,30,1,Luxury Shopper
5422,0,11,1,1,0,7,0,0,0,1,1286,14,9,3,Wellness Enthusiast
5423,0,0,1,0,13,0,1,0,1,5,13975,2,19,1,Luxury Shopper
5424,1,0,0,0,11,0,0,1,1,3,5691,3,50,1,Luxury Shopper
5425,8,0,1,1,1,0,0,0,1,4,3373,14,4,4,Elite Gamer
5426,0,0,1,1,1,0,1,1,4,1,205,3,36,2,Casual Reader
5427,9,1,0,1,0,0,0,0,0,4,1686,29,2,4,Elite Gamer
5428,1,0,1,1,1,1,0,0,4,0,494,3,33,2,Casual Reader
5429,0,1,1,0,0,0,0,1,7,0,280,2,31,2,Casual Reader
5430,1,1,0,1,0,1,1,0,6,0,111,3,56,2,Casual Reader
5431,1,0,4,5,1,1,8,1,1,1,1243,10,10,0,Home Decorator
5432,0,1,1,0,0,1,1,0,7,0,341,3,56,2,Casual Reader
5433,1,1,1,0,1,1,1,0,4,1,109,4,77,2,Casual Reader
5434,13,1,0,0,1,1,1,1,0,8,4765,24,5,4,Elite Gamer
5435,0,0,4,10,1,1,5,0,1,1,1131,8,33,0,Home Decorator
5436,0,1,1,1,8,1,0,1,1,2,12697,2,17,1,Luxury Shopper
5437,0,11,1,0,0,9,0,1,0,1,895,5,17,3,Wellness Enthusiast
5438,0,0,1,1,19,1,0,0,1,3,12940,1,41,1,Luxury Shopper
5439,1,1,5,5,0,0,7,0,0,0,1933,8,39,0,Home Decorator
5440,1,0,4,5,0,0,9,0,1,0,1636,11,17,0,Home Decorator
5441,10,1,0,1,0,0,0,1,1,4,4075,12,4,4,Elite Gamer
5442,0,0,5,10,0,0,8,1,0,1,2496,5,37,0,Home Decorator
5443,10,1,1,1,0,1,0,0,1,5,4673,22,9,4,Elite Gamer
5444,1,7,0,0,1,5,0,1,1,1,1251,7,14,3,Wellness Enthusiast
5445,0,11,0,1,1,6,1,0,0,1,1165,14,15,3,Wellness Enthusiast
5446,1,0,0,1,19,1,1,1,0,2,6466,2,21,1,Luxury Shopper
5447,0,1,0,1,1,1,1,1,8,0,145,1,42,2,Casual Reader
5448,1,1,0,1,1,1,0,1,9,0,221,3,83,2,Casual Reader
5449,0,0,3,9,0,0,6,1,0,1,1987,5,39,0,Home Decorator
5450,0,1,4,5,1,0,6,0,1,1,1306,7,31,0,Home Decorator
5451,1,1,0,0,1,0,1,0,4,0,429,2,86,2,Casual Reader
5452,0,1,1,0,1,0,0,1,5,1,103,1,33,2,Casual Reader
5453,1,10,0,0,1,6,0,0,0,1,791,6,8,3,Wellness Enthusiast
5454,8,1,1,0,1,1,1,0,1,7,3052,16,7,4,Elite Gamer
5455,1,1,7,6,1,1,8,1,1,1,1056,9,35,0,Home Decorator
5456,9,1,1,1,1,0,0,1,0,8,3580,19,5,4,Elite Gamer
5457,1,0,0,0,1,0,1,0,6,0,289,1,44,2,Casual Reader
5458,0,0,1,1,1,0,0,0,9,1,285,1,88,2,Casual Reader
5459,6,1,0,1,1,0,1,0,1,6,1882,15,9,4,Elite Gamer
5460,0,0,3,7,0,1,4,1,1,1,1753,8,14,0,Home Decorator
5461,1,0,1,0,1,0,0,1,8,0,222,3,32,2,Casual Reader
5462,7,0,0,0,1,1,0,1,0,5,2403,17,7,4,Elite Gamer
5463,7,1,0,0,0,0,1,0,1,3,3881,22,5,4,Elite Gamer
5464,5,0,1,1,0,1,1,0,0,4,3014,25,8,4,Elite Gamer
5465,0,6,1,0,0,7,1,1,1,1,1388,11,15,3,Wellness Enthusiast
5466,0,0,0,1,1,0,0,1,6,1,418,1,80,2,Casual Reader
5467,1,6,0,1,1,5,1,0,1,1,822,14,12,3,Wellness Enthusiast
5468,1,1,4,6,0,0,5,0,1,1,1612,4,24,0,Home Decorator
5469,0,0,1,0,12,0,0,0,0,3,11893,2,59,1,Luxury Shopper
5470,0,7,0,0,0,7,0,1,1,0,938,5,7,3,Wellness Enthusiast
5471,1,0,6,10,0,1,8,1,0,0,1109,8,25,0,Home Decorator
5472,0,1,0,1,1,1,0,0,5,0,331,1,54,2,Casual Reader
5473,1,0,4,9,0,0,6,0,1,1,2286,3,30,0,Home Decorator
5474,0,0,6,6,1,1,5,0,1,0,1146,8,36,0,Home Decorator
5475,0,0,0,0,1,1,1,0,7,0,200,2,46,2,Casual Reader
5476,1,0,1,1,0,1,0,0,9,1,174,2,95,2,Casual Reader
5477,0,0,0,0,15,0,1,1,0,2,6058,2,15,1,Luxury Shopper
5478,7,0,1,1,0,1,0,1,1,9,2222,25,6,4,Elite Gamer
5479,0,1,0,0,9,1,1,1,0,2,13236,2,35,1,Luxury Shopper
5480,1,0,6,8,0,0,5,1,1,0,1399,6,38,0,Home Decorator
5481,0,1,0,1,10,0,0,1,1,2,12987,1,19,1,Luxury Shopper
5482,1,0,5,11,0,1,4,0,1,0,2319,11,39,0,Home Decorator
5483,0,7,0,1,0,7,1,0,1,0,572,8,11,3,Wellness Enthusiast
5484,1,11,0,0,1,5,0,0,0,0,678,9,11,3,Wellness Enthusiast
5485,14,1,1,1,0,0,0,1,0,9,2231,19,7,4,Elite Gamer
5486,1,0,5,7,1,1,7,0,0,1,1693,10,18,0,Home Decorator
5487,0,11,0,0,0,6,0,0,1,1,804,13,19,3,Wellness Enthusiast
5488,0,10,1,1,1,8,0,1,0,0,506,14,6,3,Wellness Enthusiast
5489,1,11,1,0,1,6,1,0,0,0,1037,7,18,3,Wellness Enthusiast
5490,0,11,1,0,1,6,1,1,0,1,827,7,8,3,Wellness Enthusiast
5491,1,11,0,0,0,7,0,0,1,1,534,7,10,3,Wellness Enthusiast
5492,0,8,0,0,1,6,0,1,0,0,797,9,5,3,Wellness Enthusiast
5493,7,0,0,0,0,0,0,1,0,6,3210,12,4,4,Elite Gamer
5494,1,0,4,6,0,0,5,1,1,0,2158,8,36,0,Home Decorator
5495,1,0,1,0,0,1,0,0,8,1,355,2,42,2,Casual Reader
5496,1,0,1,1,14,0,1,1,1,4,8775,1,39,1,Luxury Shopper
5497,8,0,1,1,0,0,1,0,1,7,2256,12,5,4,Elite Gamer
5498,1,1,0,0,12,1,1,0,1,4,6505,2,20,1,Luxury Shopper
5499,0,6,0,1,1,8,0,0,0,1,925,13,6,3,Wellness Enthusiast
5500,5,1,1,1,1,1,0,0,1,4,3874,10,1,4,Elite Gamer
5501,1,1,0,1,0,0,0,1,5,1,204,3,89,2,Casual Reader
5502,1,1,0,1,9,1,1,0,0,3,8020,1,51,1,Luxury Shopper
5503,0,1,0,0,1,0,1,0,5,1,413,4,96,2,Casual Reader
5504,1,1,0,1,8,1,1,0,1,5,7410,1,35,1,Luxury Shopper
5505,0,0,3,8,1,0,6,0,1,1,1040,3,33,0,Home Decorator
5506,0,0,5,9,0,0,9,0,1,1,2035,5,18,0,Home Decorator
5507,0,0,5,11,1,0,4,0,1,1,2391,9,28,0,Home Decorator
5508,1,6,1,0,0,6,0,0,1,0,1396,9,9,3,Wellness Enthusiast
5509,5,0,1,1,1,1,1,0,1,3,2034,16,5,4,Elite Gamer
5510,0,8,1,0,1,5,1,1,0,1,509,6,17,3,Wellness Enthusiast
5511,1,1,5,6,0,1,9,1,0,0,1701,3,32,0,Home Decorator
5512,0,0,0,1,14,1,0,0,1,5,10338,1,19,1,Luxury Shopper
5513,14,1,0,1,0,1,0,1,1,5,3626,12,7,4,Elite Gamer
5514,0,0,0,0,0,0,1,1,6,1,490,1,30,2,Casual Reader
5515,1,1,6,9,1,0,9,1,1,1,2032,3,19,0,Home Decorator
5516,0,1,0,1,18,1,1,0,1,5,10840,2,16,1,Luxury Shopper
5517,1,7,0,0,0,4,1,1,1,0,1214,14,13,3,Wellness Enthusiast
5518,0,0,1,0,0,1,1,1,4,0,315,1,86,2,Casual Reader
5519,12,1,1,1,0,1,0,0,0,4,3238,27,7,4,Elite Gamer
5520,1,6,0,1,1,4,1,0,0,1,513,5,17,3,Wellness Enthusiast
5521,1,8,1,1,1,7,0,1,0,0,1496,11,7,3,Wellness Enthusiast
5522,7,0,1,1,1,1,0,1,1,4,3516,19,3,4,Elite Gamer
5523,0,1,6,7,0,0,7,0,0,1,2453,9,23,0,Home Decorator
5524,1,1,0,1,1,0,0,0,5,1,299,1,35,2,Casual Reader
5525,1,0,0,1,0,1,1,1,5,0,220,1,92,2,Casual Reader
5526,14,0,1,0,1,1,1,1,0,6,3452,22,8,4,Elite Gamer
5527,1,1,0,1,1,1,1,1,8,0,378,1,77,2,Casual Reader
5528,1,1,5,8,0,0,9,1,1,1,1473,8,22,0,Home Decorator
5529,1,1,1,1,14,1,1,0,0,5,12727,3,20,1,Luxury Shopper
5530,0,8,0,1,0,5,0,0,0,1,1080,11,9,3,Wellness Enthusiast
5531,0,0,4,7,0,1,9,1,0,0,1271,5,32,0,Home Decorator
5532,1,1,1,1,17,0,1,1,0,2,14154,2,45,1,Luxury Shopper
5533,1,0,7,8,0,1,5,0,1,0,818,4,21,0,Home Decorator
5534,1,1,1,0,0,0,0,0,4,1,101,4,40,2,Casual Reader
5535,10,1,0,1,1,1,1,0,1,4,4528,21,2,4,Elite Gamer
5536,10,1,0,0,0,0,1,1,1,6,3365,15,1,4,Elite Gamer
5537,1,1,0,1,1,1,0,1,4,0,481,3,62,2,Casual Reader
5538,1,1,6,10,1,1,4,1,0,1,1343,11,20,0,Home Decorator
5539,0,1,1,1,0,0,0,1,4,1,312,2,47,2,Casual Reader
5540,12,1,1,0,0,1,0,1,1,7,3065,21,5,4,Elite Gamer
5541,12,0,0,1,1,1,1,0,0,3,4613,28,2,4,Elite Gamer
5542,0,1,4,9,1,1,4,1,1,1,856,7,35,0,Home Decorator
5543,0,0,5,8,1,1,5,1,1,0,1931,4,22,0,Home Decorator
5544,1,1,0,0,14,1,1,1,1,5,13445,1,46,1,Luxury Shopper
5545,14,0,0,1,1,0,0,0,1,9,3298,17,3,4,Elite Gamer
5546,1,10,0,1,0,8,0,1,1,0,1352,5,15,3,Wellness Enthusiast
5547,0,0,0,1,12,0,0,1,1,3,13075,2,51,1,Luxury Shopper
5548,0,8,0,1,0,8,1,1,1,1,981,6,17,3,Wellness Enthusiast
5549,0,1,7,11,0,1,4,1,0,0,1567,5,19,0,Home Decorator
5550,10,1,0,0,0,0,1,0,1,6,4410,27,8,4,Elite Gamer
5551,0,8,1,1,0,6,0,0,0,1,1009,13,11,3,Wellness Enthusiast
5552,1,9,0,0,0,7,1,0,1,1,568,6,14,3,Wellness Enthusiast
5553,1,11,0,1,0,5,1,0,1,1,1060,10,11,3,Wellness Enthusiast
5554,0,0,5,11,0,0,9,0,1,1,2433,9,33,0,Home Decorator
5555,1,1,6,10,0,0,7,1,1,1,1506,8,26,0,Home Decorator
5556,14,1,0,1,0,1,0,0,1,9,4817,29,7,4,Elite Gamer
5557,0,0,0,0,9,0,0,0,1,3,9157,3,59,1,Luxury Shopper
5558,0,7,0,1,0,4,1,0,0,1,1472,11,9,3,Wellness Enthusiast
5559,1,1,7,5,1,0,9,1,0,1,1853,7,26,0,Home Decorator
5560,7,1,0,1,0,1,0,1,1,6,4877,10,8,4,Elite Gamer
5561,0,0,0,1,8,1,1,0,1,4,9025,3,35,1,Luxury Shopper
5562,1,1,1,0,12,1,1,1,0,5,6812,2,20,1,Luxury Shopper
5563,0,1,0,0,15,0,1,0,0,4,14368,3,59,1,Luxury Shopper
5564,0,1,5,11,0,1,9,1,0,1,1172,3,32,0,Home Decorator
5565,0,1,0,0,1,0,1,0,6,1,375,1,46,2,Casual Reader
5566,10,0,1,1,0,0,0,0,1,5,2604,16,4,4,Elite Gamer
5567,8,1,0,0,1,1,1,1,0,5,3187,23,5,4,Elite Gamer
5568,0,0,6,5,0,1,4,0,0,0,2088,10,37,0,Home Decorator
5569,1,0,0,0,1,1,0,0,4,0,109,3,88,2,Casual Reader
5570,11,1,1,1,1,1,1,0,1,3,2488,27,8,4,Elite Gamer
5571,1,1,5,7,1,1,4,0,0,0,1346,4,14,0,Home Decorator
5572,1,1,6,10,1,0,9,1,1,0,1692,8,32,0,Home Decorator
5573,6,0,0,0,0,0,1,1,0,4,2881,21,7,4,Elite Gamer
5574,1,0,6,11,1,0,6,0,1,0,1302,9,32,0,Home Decorator
5575,10,1,0,1,0,1,1,1,0,4,4928,27,3,4,Elite Gamer
5576,1,1,0,0,15,1,0,1,0,3,8209,3,38,1,Luxury Shopper
5577,1,11,0,1,1,7,0,0,0,0,651,7,7,3,Wellness Enthusiast
5578,0,1,7,9,0,0,7,1,0,1,1466,8,26,0,Home Decorator
5579,14,0,0,0,1,0,0,1,1,8,2890,20,7,4,Elite Gamer
5580,1,1,1,1,16,1,0,0,0,2,13684,1,24,1,Luxury Shopper
5581,11,1,1,1,0,0,0,1,0,7,3731,19,4,4,Elite Gamer
5582,1,0,4,8,0,0,4,1,0,0,1263,11,21,0,Home Decorator
5583,6,0,0,1,0,0,0,1,1,8,3375,24,1,4,Elite Gamer
5584,0,0,1,0,13,1,0,0,0,3,12645,3,45,1,Luxury Shopper
5585,0,11,0,1,1,6,0,0,1,1,1109,6,18,3,Wellness Enthusiast
5586,1,0,0,0,1,0,0,0,8,1,446,2,87,2,Casual Reader
5587,1,1,0,1,0,0,0,1,7,0,325,1,44,2,Casual Reader
5588,1,0,5,11,1,0,7,0,1,0,1815,6,20,0,Home Decorator
5589,8,0,0,0,0,0,0,1,1,5,2634,27,1,4,Elite Gamer
5590,0,0,4,11,0,0,6,1,1,0,1009,7,18,0,Home Decorator
5591,1,1,3,5,1,1,9,1,1,0,1186,7,23,0,Home Decorator
5592,0,0,1,1,18,1,1,1,0,5,14472,1,17,1,Luxury Shopper
5593,0,0,1,1,13,0,0,1,1,3,13186,2,39,1,Luxury Shopper
5594,1,0,0,0,12,1,0,1,0,5,7311,2,45,1,Luxury Shopper
5595,0,1,0,0,1,1,1,0,7,1,183,1,66,2,Casual Reader
5596,9,0,1,0,1,1,1,1,1,3,2596,22,3,4,Elite Gamer
5597,1,6,1,0,0,6,1,0,1,1,557,6,13,3,Wellness Enthusiast
5598,0,0,0,1,1,1,0,1,9,0,224,2,99,2,Casual Reader
5599,1,1,1,0,1,1,1,0,7,0,164,1,30,2,Casual Reader
5600,14,1,0,0,0,1,0,0,1,7,3996,19,3,4,Elite Gamer
5601,1,1,1,1,16,0,0,1,0,3,13014,2,18,1,Luxury Shopper
5602,0,0,5,11,1,1,6,0,1,1,806,3,35,0,Home Decorator
5603,9,0,1,0,0,0,1,1,1,6,3323,22,1,4,Elite Gamer
5604,0,1,7,7,1,0,4,0,1,1,2463,5,31,0,Home Decorator
5605,0,1,3,6,1,1,5,1,1,0,1713,8,11,0,Home Decorator
5606,1,1,0,0,0,0,1,1,7,0,258,3,78,2,Casual Reader
5607,7,1,1,1,0,0,0,1,0,6,3037,28,9,4,Elite Gamer
5608,0,1,1,1,1,0,0,1,6,1,488,1,61,2,Casual Reader
5609,0,0,0,1,16,0,0,1,1,3,14244,1,28,1,Luxury Shopper
5610,1,6,1,0,0,7,1,1,1,0,730,7,7,3,Wellness Enthusiast
5611,1,1,1,0,16,1,1,0,1,2,12141,1,18,1,Luxury Shopper
5612,0,1,3,9,1,1,8,1,0,1,1033,3,39,0,Home Decorator
5613,1,1,5,6,1,0,9,1,0,1,1229,6,34,0,Home Decorator
5614,0,1,0,0,0,0,1,0,7,0,163,3,76,2,Casual Reader
5615,1,0,1,0,18,1,1,1,1,4,12329,1,44,1,Luxury Shopper
5616,9,1,0,0,0,0,1,0,1,8,2310,26,1,4,Elite Gamer
5617,0,0,1,1,1,0,1,1,7,1,377,1,88,2,Casual Reader
5618,0,0,3,7,1,1,7,0,0,0,2098,7,20,0,Home Decorator
5619,1,0,0,0,1,1,1,0,5,0,269,1,68,2,Casual Reader
5620,0,0,0,0,0,0,1,0,7,1,171,1,98,2,Casual Reader
5621,0,1,7,6,1,0,5,0,0,0,1597,9,10,0,Home Decorator
5622,0,0,3,6,0,1,6,1,1,1,1895,3,32,0,Home Decorator
5623,1,11,1,1,1,9,1,0,1,0,1062,11,11,3,Wellness Enthusiast
5624,8,0,0,0,1,0,0,0,0,4,4468,22,2,4,Elite Gamer
5625,1,0,1,0,0,1,1,0,4,0,422,2,34,2,Casual Reader
5626,0,1,1,0,19,0,1,0,0,2,10249,1,59,1,Luxury Shopper
5627,1,0,4,10,0,0,7,1,0,0,1098,3,28,0,Home Decorator
5628,0,11,1,0,0,4,1,0,0,1,803,5,9,3,Wellness Enthusiast
5629,1,1,0,1,0,0,0,0,5,0,478,2,73,2,Casual Reader
5630,0,0,7,8,1,1,5,0,1,0,1192,7,20,0,Home Decorator
5631,7,0,1,1,0,0,0,1,1,6,1530,20,7,4,Elite Gamer
5632,1,9,0,0,1,8,0,0,1,0,840,8,19,3,Wellness Enthusiast
5633,1,1,0,1,10,1,1,1,0,2,5818,1,27,1,Luxury Shopper
5634,1,10,0,0,0,4,1,0,1,1,1186,10,7,3,Wellness Enthusiast
5635,1,0,0,1,1,1,0,1,7,1,115,2,68,2,Casual Reader
5636,1,1,1,1,14,0,1,0,1,5,12135,2,29,1,Luxury Shopper
5637,0,9,1,1,0,5,1,1,0,1,952,11,7,3,Wellness Enthusiast
5638,5,0,0,0,1,0,0,0,0,9,3604,20,1,4,Elite Gamer
5639,0,11,1,0,0,9,1,0,1,0,1300,11,12,3,Wellness Enthusiast
5640,0,1,6,9,0,0,5,1,0,1,1720,6,19,0,Home Decorator
5641,0,8,0,1,1,5,0,1,0,0,515,12,18,3,Wellness Enthusiast
5642,0,8,1,0,1,7,0,1,0,1,1164,6,13,3,Wellness Enthusiast
5643,0,1,0,1,1,0,0,0,9,0,400,2,76,2,Casual Reader
5644,12,0,1,1,1,0,1,0,1,5,2490,19,1,4,Elite Gamer
5645,1,1,4,7,1,0,7,1,0,0,1860,11,37,0,Home Decorator
5646,1,1,3,7,1,0,6,0,1,0,2319,9,13,0,Home Decorator
5647,0,1,0,0,0,0,0,0,6,1,463,2,44,2,Casual Reader
5648,1,1,1,0,0,1,0,0,5,1,222,4,58,2,Casual Reader
5649,7,0,1,1,1,1,1,0,0,7,2434,23,8,4,Elite Gamer
5650,8,0,0,1,0,0,0,1,1,6,2317,22,5,4,Elite Gamer
5651,1,6,0,0,0,6,0,0,1,1,1252,5,15,3,Wellness Enthusiast
5652,11,1,1,0,1,1,1,0,1,7,3372,16,1,4,Elite Gamer
5653,10,0,1,1,0,1,1,0,1,4,2570,24,6,4,Elite Gamer
5654,11,1,1,1,0,0,1,1,1,7,3430,19,3,4,Elite Gamer
5655,1,1,0,1,1,1,1,1,9,1,336,1,33,2,Casual Reader
5656,0,6,0,1,1,8,0,0,0,1,1237,11,19,3,Wellness Enthusiast
5657,0,1,6,6,0,1,5,1,1,1,1935,11,16,0,Home Decorator
5658,0,0,5,8,0,1,6,1,0,1,2294,9,32,0,Home Decorator
5659,1,1,1,0,17,0,1,0,1,2,8110,3,29,1,Luxury Shopper
5660,1,11,0,1,0,4,0,1,0,0,1251,14,7,3,Wellness Enthusiast
5661,0,0,0,1,18,1,1,1,1,4,5378,2,16,1,Luxury Shopper
5662,1,0,0,1,19,1,0,1,0,2,12173,3,54,1,Luxury Shopper
5663,1,0,0,0,8,0,1,1,1,3,12777,1,37,1,Luxury Shopper
5664,0,11,0,1,1,5,0,0,1,1,801,10,15,3,Wellness Enthusiast
5665,0,0,0,0,1,1,1,1,7,0,395,2,46,2,Casual Reader
5666,1,1,1,1,12,0,0,1,0,3,10316,2,20,1,Luxury Shopper
5667,0,0,0,1,0,0,1,1,4,0,332,3,40,2,Casual Reader
5668,0,0,3,6,0,1,9,1,0,0,855,8,13,0,Home Decorator
5669,1,1,0,0,11,0,1,0,0,5,8718,2,43,1,Luxury Shopper
5670,0,1,0,1,14,0,1,0,1,4,14065,2,40,1,Luxury Shopper
5671,0,1,7,5,0,0,5,0,1,1,1214,4,37,0,Home Decorator
5672,0,0,1,0,14,1,1,1,0,5,12903,2,41,1,Luxury Shopper
5673,0,0,5,9,0,1,7,0,1,0,2194,5,24,0,Home Decorator
5674,1,1,6,10,0,0,4,0,1,1,1402,3,23,0,Home Decorator
5675,5,1,1,1,0,1,1,0,1,5,1753,27,4,4,Elite Gamer
5676,1,0,1,1,11,1,1,0,0,3,8883,3,31,1,Luxury Shopper
5677,10,1,1,1,1,0,0,1,0,4,1735,20,4,4,Elite Gamer
5678,14,1,1,0,1,0,1,1,1,6,2609,20,8,4,Elite Gamer
5679,0,1,5,9,1,0,9,0,1,0,1587,5,23,0,Home Decorator
5680,1,1,4,6,1,0,5,0,1,1,912,8,39,0,Home Decorator
5681,1,0,6,5,0,0,7,1,1,1,957,3,36,0,Home Decorator
5682,1,9,1,0,1,5,0,1,0,0,766,10,10,3,Wellness Enthusiast
5683,1,0,1,1,12,0,1,1,1,5,9418,2,33,1,Luxury Shopper
5684,1,1,1,1,8,1,0,0,1,5,14964,2,21,1,Luxury Shopper
5685,0,0,3,11,0,1,5,0,0,0,1404,9,10,0,Home Decorator
5686,1,0,0,1,14,0,1,1,1,4,11121,1,53,1,Luxury Shopper
5687,0,7,1,0,0,4,0,1,1,0,574,6,11,3,Wellness Enthusiast
5688,0,1,0,1,0,0,0,0,7,1,118,3,37,2,Casual Reader
5689,1,0,1,0,14,1,0,1,0,4,5325,3,43,1,Luxury Shopper
5690,11,0,1,1,1,0,0,0,0,3,2676,10,1,4,Elite Gamer
5691,1,1,4,8,0,0,6,0,1,0,1517,3,32,0,Home Decorator
5692,10,0,1,0,0,1,0,0,1,7,3199,15,4,4,Elite Gamer
5693,12,0,0,0,1,0,0,1,0,6,4396,23,8,4,Elite Gamer
5694,1,9,1,0,0,5,0,1,0,1,1477,10,18,3,Wellness Enthusiast
5695,0,8,0,1,0,6,0,1,1,1,818,5,18,3,Wellness Enthusiast
5696,0,10,1,1,1,4,0,0,1,0,1354,8,15,3,Wellness Enthusiast
5697,1,1,4,11,1,1,6,1,1,0,1048,7,15,0,Home Decorator
5698,1,1,0,1,0,0,0,1,9,0,352,2,94,2,Casual Reader
5699,1,1,1,1,18,1,1,1,0,5,6587,3,47,1,Luxury Shopper
5700,0,1,1,1,17,1,0,0,0,5,7433,2,29,1,Luxury Shopper
5701,0,1,0,1,0,0,0,0,5,1,402,1,79,2,Casual Reader
5702,0,1,4,7,0,1,5,1,1,1,932,3,11,0,Home Decorator
5703,0,9,0,1,0,9,0,1,1,0,903,6,5,3,Wellness Enthusiast
5704,12,1,1,1,0,0,1,1,0,7,4211,11,6,4,Elite Gamer
5705,0,0,0,0,0,0,0,0,5,1,384,3,32,2,Casual Reader
5706,14,1,1,1,0,1,1,1,1,5,1884,19,2,4,Elite Gamer
5707,1,6,0,1,0,4,1,1,1,0,839,9,7,3,Wellness Enthusiast
5708,1,0,1,0,0,1,1,1,6,1,266,1,35,2,Casual Reader
5709,7,0,0,1,0,1,0,0,0,8,3712,26,6,4,Elite Gamer
5710,0,6,0,1,1,5,1,1,1,0,1419,12,8,3,Wellness Enthusiast
5711,0,0,0,1,0,0,1,1,5,0,300,4,64,2,Casual Reader
5712,0,1,0,1,16,0,1,0,0,2,14721,2,55,1,Luxury Shopper
5713,1,0,7,5,0,0,7,0,1,0,1024,5,37,0,Home Decorator
5714,12,1,0,1,0,1,1,1,1,4,3071,25,5,4,Elite Gamer
5715,1,1,1,1,9,0,1,1,1,3,6129,3,32,1,Luxury Shopper
5716,0,0,3,6,1,0,7,1,0,0,1153,9,38,0,Home Decorator
5717,1,10,0,0,0,6,0,0,1,0,1156,5,6,3,Wellness Enthusiast
5718,13,1,1,1,0,0,0,1,0,4,4067,22,2,4,Elite Gamer
5719,1,0,0,0,1,1,0,1,7,0,455,2,54,2,Casual Reader
5720,1,0,4,6,1,0,5,1,1,1,2367,3,30,0,Home Decorator
5721,1,8,0,0,1,9,1,1,0,1,878,9,15,3,Wellness Enthusiast
5722,0,1,0,1,10,1,1,1,0,4,14769,3,18,1,Luxury Shopper
5723,1,1,7,7,0,1,4,0,0,0,2237,11,17,0,Home Decorator
5724,0,1,1,1,0,0,0,1,7,0,122,3,42,2,Casual Reader
5725,1,11,0,1,0,5,0,0,0,0,955,13,6,3,Wellness Enthusiast
5726,8,1,1,1,0,0,0,0,1,5,1881,19,6,4,Elite Gamer
5727,8,1,0,1,0,0,0,0,0,9,2793,11,1,4,Elite Gamer
5728,1,1,1,1,10,1,1,0,0,5,10255,3,17,1,Luxury Shopper
5729,0,10,0,1,0,7,0,0,1,1,1176,8,7,3,Wellness Enthusiast
5730,1,0,1,1,1,0,1,1,9,0,147,4,81,2,Casual Reader
5731,1,0,4,6,0,1,9,0,0,1,1350,5,33,0,Home Decorator
5732,0,0,1,1,17,1,1,1,1,2,13333,1,34,1,Luxury Shopper
5733,6,0,1,1,1,0,1,0,0,3,2747,20,8,4,Elite Gamer
5734,5,1,1,1,1,1,0,0,0,5,4817,10,2,4,Elite Gamer
5735,1,9,1,1,0,5,1,0,0,0,1057,10,18,3,Wellness Enthusiast
5736,1,1,4,5,0,1,6,1,1,1,1461,6,10,0,Home Decorator
5737,1,0,1,0,13,0,0,0,0,5,9076,1,29,1,Luxury Shopper
5738,0,7,1,1,1,4,0,0,1,0,986,5,15,3,Wellness Enthusiast
5739,0,0,0,0,0,0,1,0,8,0,474,4,59,2,Casual Reader
5740,0,10,1,0,0,4,1,0,0,0,512,7,8,3,Wellness Enthusiast
5741,1,8,1,0,0,7,0,1,0,0,1121,8,5,3,Wellness Enthusiast
5742,6,1,0,1,1,1,1,0,0,8,3015,25,5,4,Elite Gamer
5743,0,1,0,0,16,1,0,1,1,4,9784,2,15,1,Luxury Shopper
5744,6,1,0,0,0,0,0,0,0,3,2909,23,1,4,Elite Gamer
5745,0,1,4,11,0,1,6,1,0,1,2106,5,32,0,Home Decorator
5746,1,6,1,1,0,4,1,0,0,1,845,5,11,3,Wellness Enthusiast
5747,1,8,0,0,1,6,1,0,1,0,1225,14,13,3,Wellness Enthusiast
5748,0,1,1,1,12,0,0,1,1,3,8036,2,52,1,Luxury Shopper
5749,1,7,1,0,1,4,0,1,1,1,765,14,17,3,Wellness Enthusiast
5750,1,0,3,8,1,0,7,0,1,0,1673,9,22,0,Home Decorator
5751,5,1,1,0,1,1,1,0,1,3,2509,20,2,4,Elite Gamer
5752,1,6,1,1,0,8,1,1,1,0,1276,11,13,3,Wellness Enthusiast
5753,7,0,0,0,1,0,1,1,1,9,4667,15,5,4,Elite Gamer
5754,1,0,0,1,0,0,1,1,9,0,246,3,44,2,Casual Reader
5755,0,0,1,1,1,1,1,1,6,0,172,4,82,2,Casual Reader
5756,1,1,1,1,10,0,0,0,1,2,6754,2,33,1,Luxury Shopper
5757,8,1,1,1,1,1,1,1,0,6,4552,13,9,4,Elite Gamer
5758,0,1,0,0,16,1,1,1,0,3,6717,1,53,1,Luxury Shopper
5759,1,0,0,0,17,1,1,1,0,4,10769,2,28,1,Luxury Shopper
5760,0,1,0,0,14,0,0,0,1,5,12727,1,54,1,Luxury Shopper
5761,0,1,0,0,16,0,0,1,0,4,14228,3,59,1,Luxury Shopper
5762,1,1,0,0,18,1,0,1,1,5,8081,1,45,1,Luxury Shopper
5763,0,11,1,0,1,7,0,0,1,1,1125,12,15,3,Wellness Enthusiast
5764,1,0,0,0,16,1,0,1,1,2,9490,2,31,1,Luxury Shopper
5765,10,1,1,0,0,0,0,0,1,8,1704,14,2,4,Elite Gamer
5766,1,0,4,6,1,1,5,1,1,0,1648,7,37,0,Home Decorator
5767,0,0,0,1,0,1,0,0,8,0,482,1,59,2,Casual Reader
5768,1,1,0,0,13,0,1,0,1,2,12616,1,15,1,Luxury Shopper
5769,12,0,0,0,1,0,0,1,1,3,3479,23,4,4,Elite Gamer
5770,0,6,1,1,1,5,0,0,1,1,792,14,19,3,Wellness Enthusiast
5771,0,0,1,1,1,0,1,1,5,1,164,4,46,2,Casual Reader
5772,1,0,0,1,0,0,1,1,6,1,111,2,60,2,Casual Reader
5773,0,9,0,0,0,6,1,0,1,1,1319,11,13,3,Wellness Enthusiast
5774,1,1,3,10,1,0,6,0,0,0,2309,8,30,0,Home Decorator
5775,0,0,0,1,0,0,1,1,5,0,476,4,48,2,Casual Reader
5776,0,1,1,0,11,0,1,1,0,4,14636,2,31,1,Luxury Shopper
5777,0,0,0,0,0,0,1,1,5,1,463,4,72,2,Casual Reader
5778,0,0,5,11,1,0,4,1,0,0,1365,10,31,0,Home Decorator
5779,0,1,1,1,8,0,0,1,1,3,9092,2,28,1,Luxury Shopper
5780,0,7,0,0,0,4,1,0,0,0,1106,11,10,3,Wellness Enthusiast
5781,0,0,6,5,1,0,5,1,0,0,1110,3,30,0,Home Decorator
5782,1,10,0,1,0,7,0,1,1,1,1005,9,8,3,Wellness Enthusiast
5783,1,0,5,6,0,1,4,1,1,0,1300,3,12,0,Home Decorator
5784,0,0,4,5,1,0,9,1,1,1,1216,8,25,0,Home Decorator
5785,0,0,0,1,0,0,0,0,4,1,221,3,67,2,Casual Reader
5786,0,0,0,0,1,0,0,1,6,1,273,1,51,2,Casual Reader
5787,0,8,1,1,1,9,0,1,0,1,922,5,5,3,Wellness Enthusiast
5788,1,0,1,0,17,1,1,0,0,5,11217,1,45,1,Luxury Shopper
5789,5,1,1,1,0,1,0,0,0,4,3795,14,8,4,Elite Gamer
5790,1,0,3,6,1,0,8,0,1,1,1764,3,37,0,Home Decorator
5791,0,1,1,1,17,0,0,0,1,3,7819,3,40,1,Luxury Shopper
5792,1,1,6,6,0,0,9,0,1,0,1865,3,19,0,Home Decorator
5793,1,0,1,0,1,0,1,1,8,1,486,2,53,2,Casual Reader
5794,1,0,1,0,8,0,0,0,1,5,14663,1,53,1,Luxury Shopper
5795,8,1,0,0,0,0,0,1,0,4,4037,15,1,4,Elite Gamer
5796,1,1,1,1,0,0,0,1,7,1,363,1,66,2,Casual Reader
5797,0,0,3,7,1,1,8,1,1,1,1854,9,38,0,Home Decorator
5798,1,1,1,0,11,1,1,1,0,5,5544,2,30,1,Luxury Shopper
5799,7,1,0,1,0,0,1,0,1,7,2801,18,9,4,Elite Gamer
5800,5,1,0,0,1,1,1,0,0,6,4065,18,7,4,Elite Gamer
5801,14,1,0,1,0,0,1,0,1,3,4053,14,7,4,Elite Gamer
5802,1,1,0,0,0,0,1,0,9,0,234,2,82,2,Casual Reader
5803,5,1,1,1,0,1,1,0,1,7,3382,22,8,4,Elite Gamer
5804,1,0,0,0,0,0,1,1,4,1,309,2,58,2,Casual Reader
5805,1,0,0,1,1,1,0,0,9,0,341,1,90,2,Casual Reader
5806,10,1,0,0,1,0,1,0,1,3,4433,13,1,4,Elite Gamer
5807,1,8,1,1,0,4,1,0,0,1,964,8,9,3,Wellness Enthusiast
5808,0,0,0,1,0,0,1,0,4,0,129,1,35,2,Casual Reader
5809,1,10,1,1,1,9,0,0,0,1,699,6,12,3,Wellness Enthusiast
5810,1,0,5,7,0,0,7,0,1,0,1838,10,12,0,Home Decorator
5811,14,1,0,0,0,1,1,1,0,6,4436,28,3,4,Elite Gamer
5812,0,0,3,8,0,0,8,1,1,0,1316,7,23,0,Home Decorator
5813,1,1,1,0,1,0,0,1,6,1,194,3,38,2,Casual Reader
5814,10,0,1,1,1,1,1,0,0,4,3485,22,3,4,Elite Gamer
5815,0,0,3,11,1,1,6,1,1,1,2006,5,20,0,Home Decorator
5816,1,1,0,1,12,1,1,1,0,2,9635,2,38,1,Luxury Shopper
5817,0,1,1,0,1,0,1,1,4,1,471,4,90,2,Casual Reader
5818,0,6,0,1,0,5,0,0,1,1,816,10,13,3,Wellness Enthusiast
5819,1,1,1,1,19,1,1,0,0,2,7758,1,46,1,Luxury Shopper
5820,0,0,0,0,0,1,1,0,8,0,147,1,64,2,Casual Reader
5821,12,0,0,1,0,0,0,1,1,6,3828,21,8,4,Elite Gamer
5822,0,10,1,1,0,7,0,0,0,0,532,8,14,3,Wellness Enthusiast
5823,1,0,0,1,1,1,0,0,9,0,243,3,53,2,Casual Reader
5824,1,0,5,6,0,0,7,1,1,1,1666,11,16,0,Home Decorator
5825,5,1,0,0,1,0,0,0,1,9,1944,20,2,4,Elite Gamer
5826,0,10,1,1,0,7,1,1,0,0,620,8,13,3,Wellness Enthusiast
5827,1,1,3,7,1,1,8,0,0,0,1181,11,39,0,Home Decorator
5828,0,11,0,1,1,5,0,1,1,0,890,8,13,3,Wellness Enthusiast
5829,0,10,0,1,1,4,0,0,1,1,990,11,14,3,Wellness Enthusiast
5830,1,7,1,1,0,5,1,1,1,1,1335,13,11,3,Wellness Enthusiast
5831,1,0,6,9,1,0,5,1,0,1,1717,6,34,0,Home Decorator
5832,10,1,0,1,0,1,1,0,0,5,3947,24,2,4,Elite Gamer
5833,1,11,1,0,0,6,0,0,1,0,783,11,17,3,Wellness Enthusiast
5834,1,0,0,1,14,1,0,0,0,2,13107,1,43,1,Luxury Shopper
5835,7,0,0,1,0,1,0,1,1,9,3292,16,1,4,Elite Gamer
5836,0,0,1,0,0,0,0,1,7,0,450,4,49,2,Casual Reader
5837,0,9,0,0,1,9,0,0,1,0,855,9,11,3,Wellness Enthusiast
5838,1,0,3,10,0,0,5,0,0,0,2256,3,26,0,Home Decorator
5839,0,1,1,1,10,0,0,0,1,4,9761,3,52,1,Luxury Shopper
5840,0,1,1,0,14,0,1,0,1,5,5755,3,18,1,Luxury Shopper
5841,1,0,0,0,12,1,0,1,0,4,8186,1,44,1,Luxury Shopper
5842,10,0,0,0,0,0,0,0,0,9,1696,12,8,4,Elite Gamer
5843,1,6,0,0,0,9,0,1,1,0,969,9,16,3,Wellness Enthusiast
5844,1,0,1,1,0,1,0,1,5,0,311,1,59,2,Casual Reader
5845,0,9,0,1,1,8,0,1,1,1,1013,12,19,3,Wellness Enthusiast
5846,11,1,1,0,0,1,0,1,1,4,4449,19,5,4,Elite Gamer
5847,0,7,1,1,1,8,0,1,0,1,1351,12,11,3,Wellness Enthusiast
5848,1,1,1,0,10,0,0,0,0,3,11999,3,52,1,Luxury Shopper
5849,1,9,0,0,1,4,1,1,0,0,561,9,19,3,Wellness Enthusiast
5850,0,9,1,0,1,8,0,0,0,1,1103,5,7,3,Wellness Enthusiast
5851,1,11,0,1,1,6,0,1,1,1,520,9,12,3,Wellness Enthusiast
5852,6,0,0,1,0,1,1,0,1,3,2293,11,7,4,Elite Gamer
5853,1,8,1,0,1,4,1,0,0,0,1455,13,6,3,Wellness Enthusiast
5854,8,1,1,0,0,0,0,1,1,8,3441,22,4,4,Elite Gamer
5855,1,1,6,10,0,0,4,1,0,1,1785,11,17,0,Home Decorator
5856,1,0,1,0,9,1,1,1,1,3,7575,2,57,1,Luxury Shopper
5857,10,1,1,0,1,0,0,1,0,3,3659,27,7,4,Elite Gamer
5858,0,0,0,1,0,0,1,1,5,0,476,1,80,2,Casual Reader
5859,1,1,7,7,1,0,7,1,1,0,1064,8,36,0,Home Decorator
5860,1,7,1,0,0,9,1,1,0,0,690,12,15,3,Wellness Enthusiast
5861,0,8,0,1,0,7,1,0,1,1,598,14,6,3,Wellness Enthusiast
5862,0,6,1,0,0,4,1,0,0,0,674,11,10,3,Wellness Enthusiast
5863,12,1,0,0,0,0,1,1,1,5,2322,15,1,4,Elite Gamer
5864,0,8,0,1,0,8,0,1,0,0,1384,14,12,3,Wellness Enthusiast
5865,1,0,0,0,13,1,1,1,0,2,14521,1,32,1,Luxury Shopper
5866,0,8,1,1,1,9,0,1,1,1,1390,7,5,3,Wellness Enthusiast
5867,0,1,0,1,9,0,1,0,0,4,12991,1,43,1,Luxury Shopper
5868,0,1,4,6,1,0,8,0,1,0,1308,8,11,0,Home Decorator
5869,10,0,0,1,0,0,1,0,0,5,1889,29,8,4,Elite Gamer
5870,0,0,6,9,1,1,9,0,0,1,1909,4,12,0,Home Decorator
5871,1,1,1,1,0,1,1,0,8,0,392,1,32,2,Casual Reader
5872,1,0,1,1,8,1,1,1,1,5,14862,1,22,1,Luxury Shopper
5873,1,1,0,0,1,1,1,0,5,0,266,4,49,2,Casual Reader
5874,0,0,6,9,1,1,4,0,0,1,1487,5,33,0,Home Decorator
5875,0,0,4,11,0,1,9,0,1,0,2322,7,19,0,Home Decorator
5876,1,1,4,9,0,0,9,1,1,0,2001,11,22,0,Home Decorator
5877,0,1,1,1,0,0,1,0,9,1,342,3,60,2,Casual Reader
5878,0,1,0,1,1,0,1,1,7,1,442,3,84,2,Casual Reader
5879,13,1,0,0,1,0,0,1,1,8,4480,28,5,4,Elite Gamer
5880,9,0,1,1,0,0,1,1,1,7,3717,27,4,4,Elite Gamer
5881,0,0,1,0,18,1,0,1,1,5,5246,2,47,1,Luxury Shopper
5882,0,1,1,1,0,1,1,0,6,1,215,1,41,2,Casual Reader
5883,0,0,0,0,15,1,0,0,0,2,12091,2,51,1,Luxury Shopper
5884,1,1,6,5,1,0,8,0,1,0,1790,11,24,0,Home Decorator
5885,1,1,7,7,0,0,5,0,0,1,1868,10,28,0,Home Decorator
5886,7,1,0,1,1,1,1,1,0,8,4706,22,6,4,Elite Gamer
5887,0,1,0,0,15,0,1,1,1,5,6348,1,56,1,Luxury Shopper
5888,0,1,1,0,9,1,1,0,0,4,11635,2,15,1,Luxury Shopper
5889,1,8,0,0,0,4,1,1,0,1,630,9,8,3,Wellness Enthusiast
5890,1,10,0,1,0,8,1,1,0,0,659,5,17,3,Wellness Enthusiast
5891,7,0,1,0,1,1,1,1,1,6,4187,29,5,4,Elite Gamer
5892,5,0,1,0,1,1,0,1,1,4,3682,24,8,4,Elite Gamer
5893,0,0,0,0,1,1,0,0,4,0,243,4,74,2,Casual Reader
5894,0,1,0,1,18,0,1,0,0,4,11991,3,20,1,Luxury Shopper
5895,14,1,1,1,1,0,1,1,0,8,2876,16,6,4,Elite Gamer
5896,1,0,4,9,1,0,4,1,0,0,2411,6,29,0,Home Decorator
5897,0,1,0,0,1,0,0,1,8,1,260,3,94,2,Casual Reader
5898,1,8,0,0,1,9,1,1,0,0,1424,5,9,3,Wellness Enthusiast
5899,1,10,0,0,0,7,0,1,0,1,1059,13,9,3,Wellness Enthusiast
5900,1,0,0,0,13,1,1,0,0,4,14705,1,41,1,Luxury Shopper
5901,0,0,1,0,0,0,0,0,4,0,392,1,71,2,Casual Reader
5902,0,10,1,0,1,9,1,0,1,1,1297,12,15,3,Wellness Enthusiast
5903,1,1,7,11,0,1,8,1,0,1,1162,3,30,0,Home Decorator
5904,13,1,1,0,1,0,1,0,0,7,1551,18,5,4,Elite Gamer
5905,1,0,0,0,0,1,1,0,4,0,319,4,70,2,Casual Reader
5906,1,7,1,1,0,7,0,1,0,0,952,13,8,3,Wellness Enthusiast
5907,1,7,0,0,1,4,0,0,0,0,1116,9,19,3,Wellness Enthusiast
5908,0,1,0,1,1,1,0,0,6,0,430,1,94,2,Casual Reader
5909,1,7,0,0,1,7,0,1,0,1,716,10,19,3,Wellness Enthusiast
5910,6,0,1,1,0,0,0,0,0,4,4718,23,8,4,Elite Gamer
5911,1,0,0,0,19,0,0,0,1,2,7611,2,46,1,Luxury Shopper
5912,1,6,0,1,0,9,0,1,1,0,627,7,15,3,Wellness Enthusiast
5913,0,1,7,9,0,0,7,0,1,0,1256,11,26,0,Home Decorator
5914,0,1,6,7,1,1,5,0,0,1,1867,4,11,0,Home Decorator
5915,1,1,5,7,1,1,9,0,1,0,986,7,29,0,Home Decorator
5916,1,1,0,1,10,0,0,0,1,5,13217,2,18,1,Luxury Shopper
5917,0,0,6,7,0,1,8,1,0,1,2092,3,31,0,Home Decorator
5918,0,1,1,1,0,0,0,1,5,1,395,1,41,2,Casual Reader
5919,7,1,1,0,1,0,0,1,1,3,2871,18,6,4,Elite Gamer
5920,0,11,1,1,0,6,0,1,0,1,923,9,6,3,Wellness Enthusiast
5921,1,1,6,8,0,1,8,1,0,0,1988,11,13,0,Home Decorator
5922,0,6,0,1,0,4,1,1,1,0,1255,12,12,3,Wellness Enthusiast
5923,0,0,0,1,1,1,1,1,4,1,170,2,57,2,Casual Reader
5924,0,1,7,11,0,1,5,0,1,1,1938,11,29,0,Home Decorator
5925,0,0,0,0,0,1,1,0,4,1,433,4,83,2,Casual Reader
5926,1,1,1,0,12,1,1,0,0,3,8955,2,57,1,Luxury Shopper
5927,0,0,0,0,14,0,0,0,0,4,5565,2,26,1,Luxury Shopper
5928,1,0,6,11,0,0,5,1,1,1,915,7,22,0,Home Decorator
5929,0,1,3,6,1,0,8,0,0,1,959,8,35,0,Home Decorator
5930,1,1,1,1,1,1,0,1,8,1,320,3,73,2,Casual Reader
5931,1,10,1,1,1,4,1,1,1,1,1307,6,16,3,Wellness Enthusiast
5932,0,1,0,0,1,1,1,0,7,1,466,4,36,2,Casual Reader
5933,0,0,4,10,1,1,9,1,1,0,1647,8,33,0,Home Decorator
5934,1,10,1,1,0,8,1,1,0,0,1115,9,5,3,Wellness Enthusiast
5935,0,10,1,1,0,6,1,1,1,1,1181,6,18,3,Wellness Enthusiast
5936,0,1,7,8,1,0,9,0,0,1,2354,11,39,0,Home Decorator
5937,1,1,6,11,1,1,6,0,1,0,2204,9,27,0,Home Decorator
5938,0,1,0,1,18,0,0,1,0,4,11446,3,45,1,Luxury Shopper
5939,0,7,1,0,0,9,1,0,1,1,889,13,19,3,Wellness Enthusiast
5940,1,9,1,1,0,4,1,1,1,0,1202,13,12,3,Wellness Enthusiast
5941,0,0,5,8,0,1,5,1,0,1,2383,10,21,0,Home Decorator
5942,1,1,3,10,1,1,4,1,1,1,2396,3,22,0,Home Decorator
5943,1,0,3,5,0,0,5,0,1,0,1437,6,16,0,Home Decorator
5944,12,1,1,1,1,1,1,1,0,3,4093,21,4,4,Elite Gamer
5945,0,10,1,0,1,7,0,0,1,0,1005,8,5,3,Wellness Enthusiast
5946,0,7,1,1,0,9,0,0,1,1,1144,6,14,3,Wellness Enthusiast
5947,1,0,0,0,8,0,1,0,0,2,10878,2,36,1,Luxury Shopper
5948,13,1,0,0,0,1,1,0,1,6,2111,22,7,4,Elite Gamer
5949,0,9,0,0,1,7,1,0,0,1,1490,7,16,3,Wellness Enthusiast
5950,0,0,0,0,0,0,1,0,7,0,371,3,82,2,Casual Reader
5951,5,1,0,1,1,1,0,1,0,3,4266,11,6,4,Elite Gamer
5952,0,11,1,0,0,4,0,0,1,1,1068,7,5,3,Wellness Enthusiast
5953,1,0,1,0,17,0,1,1,0,4,12570,3,42,1,Luxury Shopper
5954,1,0,4,11,0,1,8,1,1,1,1747,8,28,0,Home Decorator
5955,1,1,0,1,17,1,0,1,0,2,12069,1,36,1,Luxury Shopper
5956,1,1,4,6,1,1,5,1,1,1,1615,9,20,0,Home Decorator
5957,11,1,0,0,0,0,1,1,1,5,2306,24,5,4,Elite Gamer
5958,0,1,1,1,19,0,1,1,1,4,8066,1,48,1,Luxury Shopper
5959,0,9,0,1,0,4,1,0,1,1,876,11,10,3,Wellness Enthusiast
5960,1,0,5,9,1,0,7,0,0,1,2356,10,37,0,Home Decorator
5961,11,1,1,1,0,0,0,1,1,8,3999,11,8,4,Elite Gamer
5962,0,0,7,9,0,1,4,1,1,0,2456,9,27,0,Home Decorator
5963,0,0,6,7,0,0,6,1,1,1,2126,4,38,0,Home Decorator
5964,0,0,6,7,0,1,5,0,1,1,1520,3,13,0,Home Decorator
5965,0,1,1,1,1,1,0,0,5,0,403,1,56,2,Casual Reader
5966,1,1,1,1,0,1,1,0,6,1,194,2,31,2,Casual Reader
5967,0,1,4,7,1,1,8,1,0,1,1358,7,34,0,Home Decorator
5968,0,1,0,1,1,1,0,1,7,0,454,1,71,2,Casual Reader
5969,0,1,0,0,19,1,0,1,0,3,7538,1,51,1,Luxury Shopper
5970,0,1,0,0,1,1,0,1,4,0,460,2,55,2,Casual Reader
5971,1,0,1,1,0,0,0,0,4,0,146,4,92,2,Casual Reader
5972,1,0,1,1,10,1,1,1,1,3,9064,2,45,1,Luxury Shopper
5973,1,1,1,1,10,0,0,0,1,3,13978,3,26,1,Luxury Shopper
5974,1,11,0,0,1,6,0,1,0,1,1350,10,12,3,Wellness Enthusiast
5975,1,1,1,0,1,0,0,1,6,1,246,3,41,2,Casual Reader
5976,1,1,4,11,0,1,6,0,1,1,1271,10,15,0,Home Decorator
5977,1,1,0,0,1,1,1,0,9,0,245,3,89,2,Casual Reader
5978,7,0,1,0,0,1,1,1,0,4,4783,15,3,4,Elite Gamer
5979,1,1,1,0,15,0,0,0,1,5,10008,3,25,1,Luxury Shopper
5980,0,1,7,11,1,1,9,0,0,0,1367,11,13,0,Home Decorator
5981,1,11,0,1,1,4,0,1,1,0,547,14,13,3,Wellness Enthusiast
5982,1,1,1,1,1,0,1,1,9,0,354,2,62,2,Casual Reader
5983,0,1,6,8,0,1,4,0,1,1,2240,7,36,0,Home Decorator
5984,1,8,1,1,1,7,1,1,1,0,1139,9,10,3,Wellness Enthusiast
5985,0,0,1,1,1,0,0,1,6,0,126,4,47,2,Casual Reader
5986,1,1,0,1,0,0,1,0,6,1,362,2,43,2,Casual Reader
5987,0,0,0,1,12,0,0,0,1,2,13412,1,20,1,Luxury Shopper
5988,1,7,1,1,0,6,0,0,1,0,974,8,5,3,Wellness Enthusiast
5989,1,7,0,1,0,7,1,0,0,0,1064,14,13,3,Wellness Enthusiast
5990,1,1,1,1,13,1,0,0,0,2,10783,3,16,1,Luxury Shopper
5991,1,1,1,1,19,0,1,1,0,5,13075,3,41,1,Luxury Shopper
5992,1,0,0,0,17,0,0,0,0,4,12686,3,59,1,Luxury Shopper
5993,0,0,5,10,0,0,4,0,0,1,1749,3,13,0,Home Decorator
5994,1,0,3,6,0,0,4,0,0,0,2132,9,15,0,Home Decorator
5995,7,0,1,0,0,1,0,0,1,4,1515,15,6,4,Elite Gamer
5996,0,1,5,9,0,1,7,0,1,0,1524,6,11,0,Home Decorator
5997,1,11,0,0,0,8,1,0,1,0,1351,10,10,3,Wellness Enthusiast
5998,1,1,1,0,1,1,0,1,7,0,204,4,55,2,Casual Reader
5999,12,1,0,1,1,1,1,1,1,6,1752,19,9,4,Elite Gamer
