CustomerID,Age,Income,City,Plan,Tenure,MonthlySpend,SupportCalls,Contract,Churn
C0001,24.0,82342.0,Chennai,Standard,22.0,974.0,1.0,Two-Year,No
C0002,55.0,66592.0,Trichy,Standard,72.0,1197.0,2.0,Monthly,Yes
C0003,50.0,22396.0,Coimbatore,Premium,48.0,1932.0,0.0,Monthly,No
C0004,40.0,94136.0,Salem,,49.0,2144.0,1.0,Two-Year,No
C0005,39.0,54270.0,Trichy,Premium,13.0,1899.0,3.0,Two-Year,No
C0006,59.0,56119.0,Chennai,Basic,52.0,592.0,1.0,Two-Year,No
C0007,23.0,42186.0,Madurai,Standard,41.0,1043.0,4.0,Monthly,No
C0008,52.0,52989.0,Trichy,Basic,71.0,599.0,1.0,Monthly,No
C0009,29.0,81125.0,Madurai,Premium,35.0,1829.0,3.0,Annual,No
C0010,24.0,65080.0,Coimbatore,Standard,49.0,856.0,2.0,Monthly,Yes
C0011,44.0,78545.0,Coimbatore,Standard,25.0,,0.0,Two-Year,No
C0012,64.0,79410.0,Chennai,Basic,3.0,676.0,1.0,Annual,Yes
C0013,53.0,104337.0,Madurai,Basic,10.0,459.0,1.0,Monthly,Yes
C0014,55.0,61088.0,Trichy,Standard,63.0,1051.0,2.0,Monthly,No
C0015,53.0,31602.0,Trichy,Basic,54.0,461.0,3.0,Monthly,No
C0016,56.0,97748.0,Chennai,,27.0,408.0,3.0,,No
C0017,43.0,61381.0,Salem,Premium,51.0,2108.0,4.0,Annual,No
C0018,25.0,98979.0,Coimbatore,Premium,1.0,1635.0,4.0,Monthly,Yes
C0019,58.0,79968.0,Trichy,Basic,3.0,661.0,2.0,Monthly,Yes
C0020,40.0,66590.0,Chennai,Basic,37.0,520.0,4.0,Monthly,No
C0021,43.0,79068.0,Trichy,Premium,45.0,1347.0,3.0,,No
C0022,37.0,120726.0,Salem,Standard,68.0,1002.0,3.0,Two-Year,No
C0023,28.0,124001.0,Chennai,Standard,55.0,946.0,6.0,Annual,No
C0024,62.0,71804.0,Chennai,Basic,19.0,451.0,1.0,Monthly,Yes
C0025,55.0,74165.0,Salem,Basic,59.0,636.0,2.0,Annual,No
C0026,49.0,97982.0,Chennai,Basic,36.0,564.0,3.0,Monthly,Yes
C0027,38.0,48013.0,Madurai,Standard,60.0,1246.0,4.0,Monthly,No
C0028,57.0,78660.0,Trichy,Basic,13.0,530.0,0.0,,Yes
C0029,45.0,69328.0,Madurai,Basic,2.0,,4.0,Monthly,Yes
C0030,40.0,78162.0,Coimbatore,,5.0,1147.0,1.0,Monthly,No
C0031,40.0,48332.0,Coimbatore,Premium,72.0,1707.0,2.0,Two-Year,No
C0032,30.0,28671.0,Chennai,Premium,6.0,2322.0,3.0,Two-Year,No
C0033,24.0,18000.0,Trichy,Standard,68.0,1487.0,2.0,Monthly,Yes
C0034,45.0,40948.0,Coimbatore,Standard,53.0,903.0,1.0,Annual,No
C0035,60.0,58074.0,Chennai,Standard,11.0,1104.0,3.0,Monthly,No
C0036,22.0,62377.0,Chennai,Basic,63.0,644.0,2.0,,No
C0037,59.0,120368.0,Trichy,Standard,11.0,1371.0,3.0,Monthly,No
C0038,58.0,98756.0,Chennai,Standard,11.0,1210.0,3.0,Annual,No
C0039,32.0,44986.0,Trichy,Standard,42.0,928.0,1.0,Monthly,No
C0040,49.0,79040.0,Salem,Premium,21.0,2083.0,2.0,Two-Year,No
C0041,27.0,59416.0,Salem,Premium,21.0,1847.0,1.0,Two-Year,No
C0042,54.0,62607.0,Trichy,Basic,15.0,572.0,3.0,Monthly,Yes
C0043,52.0,74818.0,Salem,Standard,44.0,1186.0,1.0,Annual,No
C0044,36.0,86098.0,Trichy,Basic,2.0,389.0,1.0,Monthly,Yes
C0045,23.0,61179.0,Chennai,Standard,18.0,1089.0,3.0,Annual,Yes
C0046,64.0,97660.0,Salem,Basic,40.0,797.0,3.0,Monthly,No
C0047,40.0,,Madurai,Basic,36.0,559.0,0.0,Monthly,Yes
C0048,,70165.0,Madurai,Premium,51.0,1949.0,3.0,Annual,Yes
C0049,51.0,137540.0,Trichy,Standard,16.0,1061.0,2.0,Monthly,Yes
C0050,55.0,75800.0,Trichy,Premium,47.0,2148.0,1.0,Annual,No
C0051,54.0,107264.0,Salem,Basic,55.0,427.0,2.0,Annual,No
C0052,28.0,72380.0,Coimbatore,Basic,28.0,574.0,1.0,Monthly,Yes
C0053,36.0,85100.0,Coimbatore,Standard,19.0,1127.0,1.0,Monthly,Yes
C0054,41.0,68524.0,Coimbatore,Basic,40.0,484.0,4.0,Annual,No
C0055,,65569.0,Coimbatore,Basic,42.0,544.0,5.0,Annual,Yes
C0056,22.0,49733.0,Coimbatore,Premium,7.0,1480.0,3.0,Monthly,Yes
C0057,45.0,81188.0,Chennai,Basic,41.0,766.0,5.0,Monthly,No
C0058,27.0,47860.0,Chennai,Basic,12.0,604.0,2.0,Annual,No
C0059,54.0,87305.0,Salem,Standard,41.0,1108.0,3.0,Annual,Yes
C0060,51.0,98217.0,Coimbatore,Standard,68.0,803.0,4.0,Two-Year,No
C0061,62.0,,Trichy,Standard,39.0,964.0,1.0,Monthly,No
C0062,54.0,62558.0,Madurai,,55.0,663.0,0.0,Annual,No
C0063,36.0,81803.0,Chennai,Premium,23.0,1392.0,1.0,Annual,No
C0064,64.0,61975.0,Chennai,Basic,67.0,718.0,1.0,Monthly,No
C0065,38.0,94324.0,,Standard,59.0,782.0,2.0,Monthly,No
C0066,,22383.0,Trichy,Standard,67.0,1245.0,2.0,Monthly,No
C0067,61.0,61274.0,Chennai,Premium,54.0,1506.0,0.0,Two-Year,Yes
C0068,37.0,18239.0,Coimbatore,Standard,47.0,1193.0,2.0,Monthly,No
C0069,23.0,31128.0,Trichy,Standard,38.0,,1.0,Annual,No
C0070,,105460.0,Trichy,Basic,67.0,647.0,1.0,Annual,No
C0071,56.0,93275.0,Chennai,Basic,62.0,352.0,2.0,Monthly,Yes
C0072,28.0,51294.0,Chennai,Basic,31.0,726.0,2.0,Two-Year,No
C0073,,30935.0,Chennai,Standard,7.0,885.0,1.0,Annual,No
C0074,25.0,,Chennai,Basic,1.0,,3.0,Monthly,No
C0075,51.0,55869.0,Chennai,Standard,17.0,1003.0,2.0,Annual,No
C0076,41.0,132931.0,Madurai,Basic,5.0,,3.0,Annual,Yes
C0077,35.0,81307.0,Trichy,Premium,16.0,1711.0,1.0,Monthly,No
C0078,30.0,55451.0,Madurai,Premium,8.0,2091.0,2.0,Annual,No
C0079,45.0,82092.0,Madurai,Basic,71.0,328.0,2.0,Annual,No
C0080,50.0,,Chennai,Basic,7.0,653.0,1.0,Monthly,Yes
C0081,63.0,62270.0,Salem,Basic,46.0,693.0,0.0,Two-Year,No
C0082,40.0,72586.0,Madurai,Premium,26.0,2099.0,0.0,Annual,Yes
C0083,27.0,67761.0,Trichy,Basic,13.0,592.0,5.0,Annual,Yes
C0084,58.0,90561.0,Trichy,Standard,51.0,737.0,4.0,Monthly,No
C0085,48.0,78961.0,Coimbatore,Standard,70.0,860.0,3.0,Monthly,Yes
C0086,52.0,87376.0,Chennai,Premium,57.0,1538.0,4.0,Monthly,No
C0087,24.0,52102.0,Chennai,Standard,71.0,1025.0,2.0,Annual,No
C0088,34.0,93343.0,Coimbatore,Standard,43.0,1063.0,2.0,Annual,No
C0089,55.0,112352.0,Trichy,Premium,49.0,2036.0,1.0,Annual,No
C0090,58.0,44776.0,Coimbatore,Basic,11.0,793.0,2.0,Monthly,Yes
C0091,40.0,46920.0,Salem,Premium,62.0,1672.0,5.0,Annual,No
C0092,57.0,104730.0,Madurai,,54.0,439.0,4.0,Annual,Yes
C0093,58.0,65025.0,Chennai,Standard,19.0,923.0,1.0,,No
C0094,37.0,106499.0,Coimbatore,Premium,26.0,2445.0,3.0,Annual,No
C0095,61.0,58494.0,Madurai,Standard,44.0,1214.0,1.0,Two-Year,No
C0096,33.0,107831.0,Madurai,Standard,1.0,1102.0,2.0,Monthly,No
C0097,31.0,73419.0,Coimbatore,Basic,59.0,472.0,2.0,Annual,Yes
C0098,51.0,76714.0,Chennai,Standard,21.0,780.0,2.0,Two-Year,No
C0099,49.0,110683.0,,Standard,6.0,1049.0,2.0,Annual,Yes
C0100,26.0,60594.0,Chennai,Standard,24.0,1116.0,2.0,Monthly,Yes
C0101,58.0,45531.0,Trichy,Standard,61.0,885.0,6.0,Two-Year,No
C0102,29.0,58337.0,Chennai,Basic,20.0,710.0,2.0,Monthly,Yes
C0103,57.0,81761.0,Chennai,Basic,39.0,578.0,1.0,Monthly,No
C0104,20.0,29290.0,Coimbatore,Basic,59.0,388.0,1.0,Monthly,Yes
C0105,56.0,86574.0,Coimbatore,Standard,3.0,1240.0,3.0,Monthly,Yes
C0106,56.0,55992.0,Coimbatore,Basic,55.0,750.0,3.0,Monthly,Yes
C0107,55.0,,,Premium,21.0,2039.0,1.0,Annual,No
C0108,50.0,18000.0,Trichy,Standard,51.0,876.0,3.0,,No
C0109,41.0,49549.0,Coimbatore,Basic,14.0,517.0,1.0,Monthly,No
C0110,52.0,26152.0,Coimbatore,Standard,11.0,1054.0,0.0,,Yes
C0111,32.0,48518.0,Coimbatore,Premium,57.0,1433.0,0.0,Two-Year,No
C0112,55.0,76439.0,Chennai,Basic,59.0,503.0,0.0,Annual,No
C0113,45.0,65340.0,Madurai,Basic,71.0,714.0,3.0,Monthly,Yes
C0114,41.0,63412.0,Chennai,Basic,49.0,556.0,0.0,Monthly,Yes
C0115,43.0,65861.0,Madurai,Basic,34.0,722.0,3.0,Annual,Yes
C0116,46.0,75288.0,Chennai,Premium,15.0,1624.0,0.0,Two-Year,No
C0117,21.0,,Trichy,Premium,22.0,2307.0,3.0,Annual,No
C0118,26.0,88378.0,Coimbatore,Basic,47.0,636.0,0.0,Monthly,No
C0119,31.0,87229.0,Trichy,Standard,25.0,1371.0,4.0,Annual,No
C0120,25.0,80011.0,Coimbatore,Basic,35.0,592.0,4.0,Annual,No
C0121,40.0,84470.0,Chennai,Standard,13.0,1115.0,4.0,Annual,No
C0122,50.0,77707.0,Salem,Premium,32.0,2181.0,2.0,Two-Year,No
C0123,50.0,122912.0,Madurai,Standard,18.0,1192.0,2.0,Annual,Yes
C0124,41.0,67736.0,Salem,Basic,9.0,551.0,1.0,Annual,No
C0125,59.0,,,Standard,10.0,1166.0,3.0,Annual,Yes
C0126,46.0,50408.0,Madurai,Premium,38.0,1808.0,3.0,Annual,No
C0127,23.0,43161.0,Trichy,Basic,27.0,498.0,5.0,Annual,Yes
C0128,55.0,37644.0,Madurai,Basic,8.0,588.0,1.0,Monthly,Yes
C0129,46.0,46891.0,Coimbatore,Basic,38.0,530.0,3.0,Annual,No
C0130,49.0,68162.0,Madurai,Standard,12.0,,6.0,Annual,No
C0131,46.0,,Madurai,Standard,2.0,497.0,1.0,Annual,Yes
C0132,45.0,71330.0,Trichy,Premium,10.0,2234.0,0.0,Monthly,No
C0133,24.0,50096.0,Coimbatore,Premium,33.0,1947.0,1.0,Annual,Yes
C0134,45.0,93405.0,Coimbatore,Premium,69.0,2090.0,2.0,Annual,No
C0135,56.0,89225.0,Salem,Premium,18.0,1773.0,4.0,Monthly,Yes
C0136,33.0,65849.0,,Basic,21.0,613.0,2.0,Monthly,Yes
C0137,47.0,53024.0,Salem,Standard,18.0,1106.0,5.0,Monthly,Yes
C0138,21.0,84259.0,Coimbatore,Basic,26.0,318.0,2.0,Two-Year,No
C0139,35.0,74887.0,Chennai,Basic,52.0,387.0,0.0,Two-Year,No
C0140,40.0,32349.0,Salem,Premium,24.0,1574.0,6.0,Annual,Yes
C0141,65.0,68233.0,Chennai,Standard,48.0,888.0,1.0,Monthly,No
C0142,29.0,76813.0,Chennai,Premium,65.0,2015.0,1.0,Annual,No
C0143,32.0,46608.0,Madurai,Standard,69.0,964.0,3.0,Annual,No
C0144,38.0,74936.0,Salem,Standard,41.0,1187.0,2.0,Two-Year,No
C0145,65.0,32175.0,Trichy,Standard,52.0,986.0,1.0,Monthly,No
C0146,59.0,104741.0,Chennai,Basic,67.0,617.0,1.0,Monthly,No
C0147,21.0,102447.0,Chennai,Basic,57.0,566.0,1.0,Annual,No
C0148,30.0,63435.0,,Standard,22.0,1282.0,1.0,Monthly,No
C0149,57.0,79450.0,Chennai,Basic,10.0,424.0,2.0,Annual,Yes
C0150,22.0,18000.0,Chennai,Premium,9.0,2057.0,1.0,Annual,No
C0151,59.0,39935.0,Chennai,,64.0,404.0,4.0,Monthly,Yes
C0152,32.0,62362.0,Madurai,Basic,41.0,601.0,1.0,Monthly,No
C0153,62.0,42125.0,Trichy,Premium,22.0,1594.0,1.0,Annual,No
C0154,,88574.0,Salem,Basic,25.0,712.0,2.0,Two-Year,No
C0155,39.0,121930.0,Salem,Premium,21.0,1784.0,0.0,Annual,No
C0156,50.0,39408.0,Chennai,Standard,58.0,1328.0,5.0,Monthly,Yes
C0157,25.0,48226.0,Coimbatore,Basic,45.0,,2.0,Annual,Yes
C0158,45.0,76122.0,Coimbatore,Standard,64.0,997.0,2.0,Monthly,No
C0159,43.0,111889.0,Chennai,Standard,22.0,,1.0,Annual,No
C0160,56.0,38218.0,Chennai,Premium,35.0,1942.0,2.0,Annual,No
C0161,65.0,76475.0,Coimbatore,Premium,9.0,1694.0,3.0,Monthly,No
C0162,50.0,117354.0,Chennai,Standard,70.0,,2.0,Annual,No
C0163,38.0,27054.0,Madurai,Standard,37.0,1262.0,6.0,Annual,No
C0164,38.0,36692.0,Salem,Basic,40.0,403.0,5.0,Monthly,Yes
C0165,39.0,,Chennai,Standard,30.0,1184.0,3.0,Annual,Yes
C0166,57.0,56465.0,Coimbatore,Premium,20.0,1271.0,2.0,Two-Year,No
C0167,34.0,91128.0,Salem,Standard,69.0,1040.0,1.0,Annual,No
C0168,27.0,76283.0,Salem,Standard,36.0,1150.0,3.0,Monthly,No
C0169,35.0,23851.0,Salem,Standard,49.0,1029.0,6.0,Annual,Yes
C0170,21.0,83401.0,Coimbatore,Premium,3.0,1604.0,0.0,Monthly,Yes
C0171,24.0,54984.0,Salem,Premium,20.0,1717.0,2.0,Annual,No
C0172,24.0,103136.0,Chennai,Basic,58.0,622.0,3.0,Annual,No
C0173,55.0,53683.0,Coimbatore,Basic,7.0,533.0,6.0,Monthly,No
C0174,53.0,53448.0,Chennai,Standard,8.0,972.0,3.0,Monthly,Yes
C0175,52.0,84069.0,Coimbatore,Standard,59.0,1068.0,3.0,Two-Year,Yes
C0176,41.0,89836.0,Coimbatore,Standard,23.0,1408.0,1.0,Monthly,No
C0177,52.0,,Chennai,Basic,20.0,532.0,1.0,Annual,Yes
C0178,27.0,26174.0,Salem,Standard,41.0,930.0,2.0,Annual,Yes
C0179,61.0,83989.0,Coimbatore,,15.0,951.0,3.0,Annual,No
C0180,43.0,43108.0,Chennai,Standard,4.0,1349.0,3.0,Monthly,Yes
C0181,63.0,76117.0,Chennai,Standard,1.0,544.0,3.0,Monthly,Yes
C0182,27.0,,Coimbatore,Standard,6.0,,4.0,Monthly,Yes
C0183,42.0,81604.0,Coimbatore,Standard,12.0,1542.0,2.0,Annual,No
C0184,52.0,49028.0,Coimbatore,Premium,51.0,1593.0,0.0,Two-Year,No
C0185,42.0,36651.0,Chennai,Standard,22.0,851.0,0.0,Two-Year,No
C0186,40.0,88559.0,Salem,Standard,6.0,1042.0,1.0,Monthly,Yes
C0187,27.0,76283.0,Trichy,Standard,2.0,1062.0,5.0,Monthly,No
C0188,37.0,54037.0,Coimbatore,Basic,35.0,659.0,7.0,Monthly,No
C0189,30.0,,Madurai,Basic,61.0,538.0,1.0,Two-Year,No
C0190,33.0,58543.0,Trichy,Standard,25.0,1120.0,0.0,Monthly,Yes
C0191,51.0,70835.0,Trichy,Premium,5.0,1968.0,1.0,Monthly,No
C0192,48.0,76992.0,Madurai,Standard,17.0,1192.0,1.0,Annual,No
C0193,47.0,53889.0,Trichy,Basic,36.0,584.0,3.0,Annual,Yes
C0194,36.0,82250.0,Trichy,Standard,14.0,864.0,0.0,Monthly,No
C0195,64.0,56130.0,Salem,Basic,71.0,462.0,0.0,Annual,No
C0196,24.0,59297.0,Coimbatore,Standard,55.0,768.0,4.0,Monthly,No
C0197,35.0,105429.0,Chennai,Premium,25.0,1839.0,0.0,Monthly,No
C0198,25.0,42945.0,Chennai,Standard,69.0,838.0,2.0,Monthly,No
C0199,35.0,18000.0,Coimbatore,Standard,24.0,1106.0,2.0,Monthly,No
C0200,64.0,111884.0,Coimbatore,Basic,11.0,496.0,1.0,Two-Year,No
C0201,36.0,136283.0,Coimbatore,Standard,68.0,484.0,1.0,Annual,No
C0202,61.0,59463.0,Madurai,Premium,70.0,1275.0,1.0,Annual,No
C0203,42.0,19642.0,Madurai,Standard,23.0,965.0,4.0,Monthly,No
C0204,52.0,61927.0,Salem,Standard,43.0,941.0,0.0,Annual,No
C0205,41.0,62558.0,Chennai,Standard,13.0,1324.0,3.0,Two-Year,No
C0206,32.0,65062.0,Chennai,Basic,47.0,459.0,2.0,Monthly,Yes
C0207,55.0,41052.0,Salem,Basic,50.0,345.0,2.0,Two-Year,No
C0208,64.0,85069.0,Salem,Basic,52.0,626.0,1.0,Annual,No
C0209,,83637.0,Trichy,Standard,41.0,1042.0,2.0,Annual,Yes
C0210,55.0,31145.0,Trichy,Premium,51.0,2284.0,2.0,Monthly,Yes
C0211,32.0,88179.0,Trichy,Standard,40.0,1039.0,0.0,Annual,No
C0212,52.0,123370.0,Coimbatore,Basic,60.0,658.0,1.0,Annual,No
C0213,56.0,74471.0,,Basic,13.0,463.0,4.0,Two-Year,No
C0214,40.0,61230.0,Chennai,Basic,35.0,706.0,2.0,Two-Year,Yes
C0215,53.0,66308.0,Madurai,Premium,30.0,2037.0,3.0,Monthly,Yes
C0216,32.0,85997.0,Trichy,Standard,39.0,1229.0,2.0,Two-Year,No
C0217,23.0,25003.0,Coimbatore,Premium,11.0,1996.0,4.0,Two-Year,No
C0218,24.0,74274.0,Madurai,Premium,24.0,1685.0,3.0,Annual,Yes
C0219,40.0,59848.0,Chennai,Basic,69.0,523.0,1.0,Monthly,No
C0220,61.0,118043.0,Chennai,Standard,8.0,1035.0,5.0,Monthly,Yes
C0221,25.0,65472.0,Chennai,Premium,46.0,1914.0,2.0,Monthly,No
C0222,40.0,113365.0,Chennai,Standard,48.0,1063.0,0.0,Monthly,No
C0223,52.0,41303.0,Trichy,Basic,35.0,598.0,1.0,Two-Year,No
C0224,,85269.0,Coimbatore,Premium,3.0,1501.0,1.0,Monthly,No
C0225,,78304.0,Salem,Premium,3.0,2272.0,1.0,Annual,Yes
C0226,34.0,47405.0,Madurai,Standard,20.0,985.0,3.0,Annual,No
C0227,57.0,74612.0,Chennai,Standard,8.0,1152.0,6.0,Annual,No
C0228,46.0,101525.0,Chennai,Basic,7.0,621.0,2.0,Monthly,Yes
C0229,45.0,61581.0,Salem,Premium,12.0,1649.0,1.0,Annual,No
C0230,28.0,26009.0,Chennai,Standard,14.0,1209.0,4.0,Annual,No
C0231,41.0,69543.0,Trichy,Basic,61.0,661.0,3.0,Annual,No
C0232,59.0,46537.0,Chennai,Standard,46.0,1193.0,1.0,Monthly,No
C0233,20.0,61099.0,Madurai,Premium,3.0,1818.0,2.0,Annual,No
C0234,54.0,67879.0,Salem,Premium,46.0,1901.0,1.0,Monthly,No
C0235,42.0,25653.0,,Basic,10.0,497.0,2.0,Annual,Yes
C0236,53.0,27993.0,Chennai,Basic,31.0,389.0,2.0,Monthly,Yes
C0237,50.0,82534.0,Trichy,Premium,3.0,1443.0,5.0,Monthly,Yes
C0238,39.0,56409.0,Chennai,Premium,7.0,2012.0,8.0,Annual,Yes
C0239,34.0,18000.0,Coimbatore,Standard,10.0,1100.0,1.0,Monthly,No
C0240,48.0,90406.0,Coimbatore,Standard,32.0,1288.0,4.0,Two-Year,No
C0241,26.0,77082.0,Chennai,Standard,34.0,1119.0,2.0,Two-Year,No
C0242,46.0,51439.0,Salem,Standard,26.0,1194.0,0.0,Monthly,Yes
C0243,,35762.0,Salem,Basic,45.0,541.0,4.0,Monthly,Yes
C0244,49.0,91731.0,Coimbatore,Basic,52.0,324.0,0.0,Monthly,Yes
C0245,48.0,79083.0,Salem,Basic,53.0,595.0,2.0,Two-Year,No
C0246,23.0,131948.0,Chennai,Premium,42.0,1977.0,1.0,Annual,No
C0247,54.0,80925.0,Chennai,Basic,40.0,437.0,2.0,Monthly,No
C0248,39.0,80080.0,Madurai,Basic,36.0,712.0,0.0,Annual,Yes
C0249,56.0,65660.0,Trichy,Standard,18.0,933.0,1.0,Monthly,No
C0250,21.0,91236.0,Chennai,Basic,36.0,404.0,1.0,Annual,No
C0251,28.0,86252.0,Chennai,Basic,1.0,510.0,2.0,Annual,Yes
C0252,42.0,102545.0,Coimbatore,Standard,70.0,780.0,4.0,Monthly,No
C0253,28.0,56446.0,Salem,,27.0,1015.0,4.0,Annual,Yes
C0254,35.0,,Chennai,Standard,55.0,943.0,0.0,Monthly,Yes
C0255,50.0,57543.0,Coimbatore,Premium,69.0,1867.0,4.0,Annual,No
C0256,26.0,90561.0,Salem,Basic,36.0,736.0,1.0,Annual,Yes
C0257,51.0,108958.0,Coimbatore,Premium,63.0,2093.0,5.0,Two-Year,No
C0258,24.0,58070.0,Chennai,Premium,35.0,1952.0,3.0,Annual,No
C0259,28.0,58956.0,Chennai,,10.0,1970.0,1.0,Two-Year,No
C0260,47.0,78166.0,Coimbatore,Standard,2.0,1115.0,1.0,Monthly,Yes
C0261,56.0,63610.0,Coimbatore,Standard,10.0,1179.0,1.0,Two-Year,No
C0262,27.0,94753.0,Trichy,Standard,68.0,1033.0,0.0,Monthly,No
C0263,33.0,18000.0,,Standard,35.0,,1.0,,No
C0264,62.0,48506.0,Madurai,Basic,23.0,544.0,2.0,Monthly,Yes
C0265,65.0,49657.0,Trichy,Premium,33.0,2289.0,1.0,Two-Year,No
C0266,46.0,18000.0,Coimbatore,Standard,19.0,962.0,3.0,Two-Year,No
C0267,40.0,44945.0,Coimbatore,Premium,63.0,2015.0,3.0,Monthly,Yes
C0268,35.0,46206.0,Trichy,Standard,72.0,1098.0,5.0,Annual,No
C0269,48.0,64771.0,Chennai,Basic,7.0,668.0,5.0,Annual,No
C0270,47.0,98937.0,Salem,Standard,52.0,1154.0,1.0,Monthly,No
C0271,33.0,63628.0,Salem,Standard,25.0,1126.0,3.0,Annual,Yes
C0272,21.0,43199.0,Chennai,,4.0,987.0,3.0,Annual,Yes
C0273,26.0,,Coimbatore,Basic,67.0,538.0,1.0,Annual,No
C0274,64.0,97279.0,Chennai,Basic,5.0,598.0,3.0,Monthly,No
C0275,39.0,44625.0,Chennai,Standard,15.0,1127.0,2.0,Two-Year,Yes
C0276,42.0,46325.0,Coimbatore,Standard,2.0,949.0,3.0,Monthly,Yes
C0277,41.0,,Chennai,Premium,34.0,1672.0,4.0,Annual,No
C0278,56.0,64240.0,Salem,Basic,44.0,521.0,1.0,Monthly,Yes
C0279,22.0,86835.0,Trichy,Basic,24.0,688.0,3.0,Monthly,Yes
C0280,23.0,69645.0,Salem,Basic,6.0,462.0,1.0,Monthly,Yes
C0281,32.0,88243.0,Chennai,Standard,9.0,1206.0,1.0,Monthly,No
C0282,42.0,43088.0,Chennai,Standard,68.0,986.0,2.0,Annual,No
C0283,50.0,69686.0,Chennai,Standard,59.0,1102.0,2.0,Annual,No
C0284,42.0,64522.0,Chennai,Premium,68.0,1973.0,5.0,Annual,No
C0285,40.0,38387.0,Trichy,Basic,39.0,665.0,2.0,Annual,No
C0286,63.0,29350.0,Coimbatore,Standard,40.0,887.0,1.0,Monthly,No
C0287,27.0,87829.0,Chennai,Basic,57.0,542.0,2.0,Monthly,Yes
C0288,46.0,60875.0,Salem,Basic,45.0,525.0,2.0,Annual,No
C0289,44.0,43421.0,Coimbatore,Standard,32.0,1094.0,3.0,Annual,Yes
C0290,41.0,,Chennai,Basic,22.0,519.0,1.0,Annual,Yes
C0291,57.0,99328.0,Chennai,Standard,35.0,992.0,0.0,Monthly,No
C0292,32.0,18000.0,Madurai,Standard,5.0,,3.0,Annual,Yes
C0293,63.0,31087.0,Salem,Standard,14.0,1108.0,3.0,Monthly,No
C0294,35.0,46005.0,Chennai,Standard,54.0,991.0,2.0,Annual,No
C0295,45.0,,Trichy,Standard,63.0,1022.0,4.0,Monthly,No
C0296,43.0,77347.0,Trichy,Standard,8.0,997.0,2.0,Annual,No
C0297,59.0,89950.0,Salem,Basic,7.0,529.0,2.0,Monthly,No
C0298,40.0,40356.0,Chennai,Basic,7.0,457.0,2.0,Annual,No
C0299,33.0,40892.0,Chennai,Standard,57.0,980.0,2.0,Monthly,Yes
C0300,20.0,81643.0,Trichy,Premium,23.0,1239.0,0.0,Annual,No
C0301,36.0,71515.0,Coimbatore,Basic,24.0,619.0,2.0,Monthly,No
C0302,58.0,84267.0,Madurai,Standard,1.0,1212.0,3.0,Annual,No
C0303,20.0,65121.0,Salem,Premium,71.0,1945.0,2.0,Monthly,Yes
C0304,61.0,77232.0,Chennai,Premium,32.0,2002.0,3.0,Monthly,Yes
C0305,44.0,74111.0,Salem,Standard,58.0,1001.0,0.0,Annual,No
C0306,26.0,90222.0,Trichy,Standard,51.0,1030.0,4.0,Monthly,No
C0307,33.0,90982.0,Salem,Standard,11.0,1031.0,4.0,Monthly,No
C0308,45.0,27883.0,Coimbatore,Premium,58.0,2305.0,0.0,Two-Year,No
C0309,,18000.0,Trichy,Basic,40.0,560.0,3.0,Annual,No
C0310,24.0,96045.0,Madurai,Premium,44.0,1333.0,2.0,Two-Year,No
C0311,50.0,100881.0,Salem,Basic,15.0,539.0,1.0,Monthly,Yes
C0312,50.0,43464.0,Salem,Premium,61.0,1630.0,1.0,Annual,Yes
C0313,25.0,21644.0,Salem,Basic,68.0,654.0,0.0,Annual,No
C0314,32.0,72575.0,Chennai,Basic,30.0,453.0,1.0,Monthly,No
C0315,31.0,94202.0,Chennai,Basic,7.0,621.0,0.0,Annual,No
C0316,50.0,116737.0,Chennai,Standard,62.0,1095.0,4.0,Monthly,No
C0317,53.0,83424.0,,Basic,64.0,388.0,4.0,Two-Year,No
C0318,53.0,60335.0,Coimbatore,Basic,37.0,508.0,2.0,Annual,No
C0319,63.0,46779.0,Madurai,Standard,42.0,1371.0,0.0,Annual,No
C0320,55.0,70298.0,Coimbatore,Standard,17.0,940.0,3.0,Annual,No
C0321,34.0,62219.0,Salem,Premium,5.0,1343.0,2.0,Monthly,No
C0322,24.0,43608.0,Trichy,Premium,68.0,1764.0,3.0,Monthly,Yes
C0323,48.0,,Chennai,Standard,35.0,872.0,2.0,Annual,No
C0324,62.0,116414.0,Salem,Basic,20.0,597.0,0.0,Annual,Yes
C0325,64.0,99537.0,Madurai,Basic,50.0,404.0,1.0,Annual,Yes
C0326,30.0,46058.0,Madurai,Premium,2.0,1914.0,2.0,Monthly,No
C0327,30.0,92231.0,Chennai,Basic,6.0,408.0,2.0,Annual,No
C0328,21.0,86630.0,Salem,Standard,18.0,1339.0,4.0,Monthly,Yes
C0329,26.0,81506.0,Trichy,Premium,33.0,2111.0,0.0,Monthly,Yes
C0330,45.0,102491.0,Salem,Premium,27.0,1825.0,1.0,Two-Year,No
C0331,45.0,86520.0,Trichy,Standard,14.0,872.0,1.0,Annual,Yes
C0332,37.0,89240.0,Trichy,Standard,26.0,1241.0,4.0,Annual,Yes
C0333,34.0,86560.0,Coimbatore,Standard,25.0,780.0,0.0,Two-Year,No
C0334,58.0,78861.0,Madurai,Premium,38.0,1986.0,3.0,Monthly,No
C0335,41.0,23626.0,Coimbatore,Basic,41.0,552.0,2.0,Two-Year,No
C0336,57.0,72174.0,Trichy,Basic,64.0,427.0,4.0,Annual,No
C0337,64.0,,Chennai,Standard,59.0,989.0,1.0,Annual,No
C0338,34.0,,Coimbatore,Basic,22.0,405.0,3.0,Monthly,Yes
C0339,29.0,113727.0,Trichy,Standard,65.0,1007.0,2.0,Monthly,No
C0340,63.0,114954.0,Chennai,Standard,38.0,1179.0,1.0,Monthly,No
C0341,49.0,105340.0,Salem,Premium,14.0,1422.0,2.0,Monthly,Yes
C0342,33.0,76636.0,Coimbatore,Premium,25.0,1950.0,3.0,Monthly,Yes
C0343,48.0,105116.0,Trichy,Standard,54.0,1037.0,2.0,Annual,No
C0344,43.0,70313.0,Trichy,Premium,60.0,2071.0,4.0,Annual,Yes
C0345,61.0,75273.0,Coimbatore,Basic,27.0,491.0,3.0,Monthly,Yes
C0346,31.0,41570.0,Salem,Standard,12.0,1271.0,0.0,Annual,Yes
C0347,65.0,80322.0,Coimbatore,Basic,14.0,589.0,1.0,Two-Year,No
C0348,63.0,71570.0,Madurai,Premium,8.0,1622.0,3.0,Annual,Yes
C0349,28.0,36131.0,Madurai,Premium,51.0,1592.0,4.0,Annual,No
C0350,27.0,68669.0,Salem,Premium,37.0,1399.0,0.0,Annual,No
C0351,44.0,67927.0,Chennai,Premium,33.0,2248.0,2.0,Monthly,No
C0352,,116737.0,Chennai,Premium,49.0,2206.0,5.0,Monthly,No
C0353,33.0,,,Basic,60.0,519.0,3.0,Two-Year,No
C0354,,70298.0,Madurai,Premium,58.0,1617.0,5.0,Annual,Yes
C0355,64.0,76468.0,Coimbatore,Standard,10.0,739.0,0.0,Annual,No
C0356,65.0,71150.0,Chennai,Standard,43.0,490.0,0.0,Two-Year,Yes
C0357,26.0,64724.0,Coimbatore,Standard,64.0,1182.0,2.0,Monthly,No
C0358,61.0,41857.0,Trichy,Basic,56.0,423.0,1.0,Monthly,Yes
C0359,24.0,66073.0,Chennai,Basic,24.0,625.0,3.0,Annual,No
C0360,54.0,50601.0,Coimbatore,Basic,29.0,358.0,1.0,Monthly,Yes
C0361,58.0,37492.0,Trichy,Basic,65.0,386.0,1.0,Annual,No
C0362,60.0,83292.0,Chennai,Standard,3.0,1202.0,4.0,Annual,No
C0363,30.0,80173.0,Salem,Premium,38.0,1691.0,2.0,Annual,No
C0364,61.0,23546.0,Chennai,Standard,9.0,973.0,3.0,Monthly,Yes
C0365,,,Trichy,Standard,65.0,1055.0,1.0,Annual,No
C0366,43.0,95888.0,Salem,Standard,3.0,1148.0,1.0,Monthly,No
C0367,41.0,97540.0,Trichy,Standard,2.0,1047.0,3.0,Two-Year,No
C0368,34.0,96672.0,Chennai,Basic,24.0,522.0,3.0,Monthly,Yes
C0369,21.0,71012.0,Madurai,Premium,15.0,1591.0,4.0,Two-Year,No
C0370,55.0,48029.0,Salem,Basic,36.0,844.0,3.0,Annual,No
C0371,35.0,41824.0,Chennai,Standard,22.0,1406.0,5.0,Monthly,Yes
C0372,50.0,78960.0,Chennai,Premium,26.0,1962.0,1.0,Annual,No
C0373,38.0,79861.0,Chennai,Standard,41.0,948.0,2.0,Monthly,Yes
C0374,37.0,103471.0,Trichy,Premium,41.0,1643.0,0.0,Monthly,Yes
C0375,60.0,98599.0,Salem,Basic,68.0,,1.0,Two-Year,Yes
C0376,24.0,66562.0,Madurai,Premium,35.0,1036.0,2.0,Annual,Yes
C0377,53.0,37651.0,Salem,Standard,41.0,1047.0,2.0,Monthly,Yes
C0378,54.0,61703.0,Madurai,Premium,49.0,2518.0,3.0,Annual,No
C0379,37.0,75648.0,Coimbatore,Standard,13.0,1081.0,5.0,Two-Year,No
C0380,32.0,64746.0,Coimbatore,Premium,49.0,1787.0,5.0,Annual,No
C0381,20.0,54975.0,Madurai,Premium,63.0,1848.0,4.0,Monthly,No
C0382,63.0,,Chennai,Standard,23.0,1023.0,4.0,Monthly,Yes
C0383,63.0,56897.0,Trichy,Premium,13.0,2119.0,3.0,Two-Year,Yes
C0384,31.0,53670.0,Salem,Standard,25.0,802.0,4.0,Monthly,No
C0385,21.0,78098.0,Coimbatore,,20.0,965.0,0.0,Monthly,Yes
C0386,25.0,59548.0,Madurai,Premium,43.0,2057.0,1.0,Annual,No
C0387,23.0,76347.0,Chennai,Standard,63.0,1315.0,0.0,Monthly,No
C0388,58.0,77103.0,Trichy,Standard,43.0,,2.0,Two-Year,No
C0389,61.0,40375.0,Trichy,Basic,10.0,552.0,5.0,Monthly,Yes
C0390,27.0,57488.0,Trichy,Basic,23.0,657.0,0.0,Annual,No
C0391,54.0,107382.0,Coimbatore,Premium,50.0,1405.0,3.0,Two-Year,No
C0392,28.0,,Chennai,Standard,24.0,1006.0,0.0,Two-Year,Yes
C0393,36.0,18000.0,Chennai,Standard,43.0,1281.0,4.0,Two-Year,Yes
C0394,47.0,21592.0,Chennai,Basic,50.0,459.0,0.0,Two-Year,No
C0395,53.0,70757.0,Chennai,Standard,24.0,813.0,2.0,Monthly,No
C0396,60.0,70804.0,Chennai,Premium,47.0,1858.0,2.0,Two-Year,No
C0397,22.0,66942.0,Trichy,Premium,29.0,2206.0,0.0,Two-Year,Yes
C0398,29.0,101569.0,Chennai,Basic,10.0,682.0,3.0,Annual,No
C0399,32.0,18000.0,Chennai,Standard,27.0,759.0,1.0,Monthly,No
C0400,34.0,80294.0,Salem,Standard,32.0,918.0,4.0,Monthly,Yes
C0401,65.0,110597.0,Madurai,Standard,1.0,687.0,3.0,Annual,Yes
C0402,55.0,40678.0,Salem,Standard,65.0,867.0,2.0,Annual,No
C0403,34.0,60125.0,Madurai,Standard,39.0,1266.0,3.0,Monthly,No
C0404,64.0,50425.0,Trichy,Standard,3.0,1123.0,6.0,Monthly,Yes
C0405,42.0,,Madurai,Standard,63.0,1084.0,1.0,Annual,No
C0406,43.0,61517.0,Madurai,,62.0,869.0,3.0,Monthly,No
C0407,,107115.0,Salem,Standard,1.0,774.0,1.0,Two-Year,No
C0408,26.0,117772.0,Coimbatore,Premium,12.0,2020.0,2.0,Monthly,Yes
C0409,62.0,61266.0,Coimbatore,Standard,27.0,1042.0,2.0,Monthly,No
C0410,20.0,119532.0,Coimbatore,Basic,37.0,544.0,1.0,Monthly,No
C0411,28.0,70925.0,Chennai,Premium,53.0,1377.0,1.0,Two-Year,No
C0412,30.0,115596.0,Salem,Premium,31.0,1460.0,3.0,Two-Year,No
C0413,32.0,67574.0,Chennai,Basic,45.0,543.0,1.0,Monthly,No
C0414,26.0,73408.0,Chennai,Standard,1.0,1054.0,3.0,Monthly,Yes
C0415,20.0,79502.0,Chennai,Basic,48.0,463.0,2.0,Monthly,No
C0416,51.0,152650.0,Salem,Standard,66.0,1014.0,1.0,Monthly,No
C0417,64.0,92133.0,Coimbatore,Basic,38.0,542.0,4.0,Annual,No
C0418,25.0,51611.0,Madurai,Standard,33.0,733.0,1.0,Monthly,Yes
C0419,33.0,95194.0,Trichy,Basic,22.0,553.0,3.0,Annual,No
C0420,43.0,60592.0,Chennai,Standard,69.0,1268.0,2.0,Monthly,No
C0421,62.0,57266.0,Salem,Premium,3.0,1630.0,2.0,Monthly,Yes
C0422,51.0,93624.0,Coimbatore,Standard,21.0,934.0,2.0,Monthly,Yes
C0423,55.0,70808.0,Chennai,Premium,10.0,1934.0,2.0,Monthly,No
C0424,46.0,77243.0,Madurai,Premium,63.0,964.0,2.0,Monthly,Yes
C0425,39.0,70364.0,Trichy,Premium,35.0,2477.0,6.0,Monthly,No
C0426,,78751.0,Chennai,Basic,67.0,711.0,5.0,Monthly,No
C0427,59.0,81049.0,Madurai,Premium,48.0,1695.0,1.0,Two-Year,No
C0428,56.0,19639.0,Chennai,Basic,41.0,495.0,0.0,Monthly,No
C0429,21.0,87331.0,Madurai,Standard,38.0,893.0,2.0,Monthly,No
C0430,52.0,44467.0,Madurai,Premium,15.0,1884.0,2.0,Monthly,No
C0431,23.0,32500.0,Madurai,Standard,41.0,,1.0,Annual,No
C0432,53.0,68481.0,Madurai,Standard,50.0,,4.0,Two-Year,Yes
C0433,57.0,72184.0,Chennai,Standard,70.0,1438.0,0.0,Annual,Yes
C0434,26.0,51969.0,Madurai,Premium,40.0,1889.0,0.0,Annual,No
C0435,39.0,,Madurai,Standard,68.0,836.0,3.0,Annual,Yes
C0436,25.0,35103.0,Madurai,Standard,69.0,1082.0,3.0,Monthly,No
C0437,46.0,59419.0,Chennai,Premium,38.0,1836.0,2.0,Two-Year,No
C0438,62.0,54793.0,Coimbatore,Basic,32.0,754.0,5.0,Annual,Yes
C0439,23.0,68789.0,Coimbatore,Basic,11.0,470.0,2.0,Monthly,No
C0440,38.0,77250.0,Chennai,Standard,20.0,970.0,3.0,Annual,No
C0441,64.0,43795.0,Chennai,Premium,64.0,1880.0,2.0,Monthly,No
C0442,33.0,88831.0,Coimbatore,Basic,10.0,520.0,2.0,Monthly,Yes
C0443,26.0,71638.0,Salem,Basic,29.0,639.0,1.0,Two-Year,No
C0444,42.0,20809.0,Chennai,Basic,51.0,643.0,4.0,Monthly,No
C0445,43.0,19077.0,Salem,Premium,18.0,1778.0,1.0,Annual,No
C0446,50.0,69680.0,,Basic,71.0,519.0,2.0,Two-Year,No
C0447,34.0,64255.0,,Standard,47.0,937.0,4.0,Annual,No
C0448,63.0,,Coimbatore,Premium,3.0,1715.0,3.0,Monthly,Yes
C0449,43.0,69272.0,Coimbatore,Basic,18.0,453.0,3.0,Annual,Yes
C0450,,75865.0,Madurai,Standard,54.0,987.0,3.0,Annual,No
C0451,64.0,94639.0,Trichy,Standard,63.0,1091.0,0.0,Monthly,Yes
C0452,,41111.0,Coimbatore,Premium,67.0,1613.0,3.0,Monthly,No
C0453,42.0,39529.0,Madurai,Standard,62.0,1019.0,4.0,Annual,No
C0454,21.0,41574.0,Madurai,Standard,6.0,1262.0,0.0,Two-Year,No
C0455,47.0,77512.0,Salem,Basic,53.0,584.0,1.0,Monthly,No
C0456,45.0,102369.0,Chennai,Standard,8.0,786.0,2.0,Monthly,Yes
C0457,26.0,58785.0,Coimbatore,Premium,6.0,,2.0,Two-Year,No
C0458,49.0,,Coimbatore,Basic,50.0,467.0,3.0,Monthly,No
C0459,58.0,25696.0,Trichy,Standard,35.0,896.0,2.0,Monthly,No
C0460,24.0,48341.0,Coimbatore,Premium,47.0,1952.0,3.0,Annual,No
C0461,53.0,55499.0,Coimbatore,Basic,62.0,671.0,1.0,Monthly,No
C0462,26.0,59382.0,Trichy,Basic,5.0,521.0,2.0,Monthly,Yes
C0463,54.0,71003.0,Coimbatore,Standard,38.0,1105.0,1.0,Annual,No
C0464,,61895.0,Chennai,Basic,61.0,400.0,1.0,,No
C0465,20.0,97283.0,Chennai,Basic,32.0,580.0,0.0,,Yes
C0466,64.0,52424.0,Chennai,Standard,38.0,,1.0,Monthly,No
C0467,27.0,47580.0,Chennai,Basic,36.0,583.0,1.0,Annual,No
C0468,47.0,82451.0,Coimbatore,Standard,66.0,1083.0,5.0,Annual,No
C0469,28.0,30073.0,Salem,Standard,4.0,1429.0,2.0,Annual,No
C0470,62.0,80132.0,Salem,Standard,64.0,1273.0,1.0,Annual,No
C0471,53.0,72666.0,Chennai,Basic,59.0,512.0,2.0,Annual,No
C0472,57.0,66166.0,Madurai,Premium,59.0,1811.0,2.0,Two-Year,No
C0473,39.0,111295.0,Chennai,Basic,30.0,449.0,1.0,Two-Year,No
C0474,41.0,53823.0,Trichy,Premium,38.0,1587.0,2.0,Monthly,No
C0475,49.0,123568.0,Chennai,Standard,27.0,910.0,2.0,Two-Year,No
C0476,56.0,64139.0,Madurai,Premium,19.0,1971.0,4.0,Two-Year,Yes
C0477,58.0,,Coimbatore,Basic,64.0,632.0,3.0,Monthly,No
C0478,20.0,71818.0,Madurai,Basic,37.0,757.0,2.0,Monthly,Yes
C0479,50.0,42018.0,Coimbatore,Standard,53.0,1265.0,4.0,Annual,No
C0480,25.0,50454.0,Salem,Basic,8.0,536.0,3.0,Monthly,Yes
C0481,33.0,,Chennai,Basic,57.0,731.0,3.0,Annual,No
C0482,58.0,84445.0,Trichy,Standard,48.0,1041.0,1.0,Annual,No
C0483,31.0,53824.0,Coimbatore,Premium,72.0,1964.0,0.0,Monthly,No
C0484,56.0,95673.0,Salem,Basic,10.0,551.0,3.0,Monthly,Yes
C0485,41.0,100095.0,Salem,Premium,39.0,1751.0,1.0,Two-Year,No
C0486,30.0,107344.0,Trichy,Premium,37.0,1504.0,1.0,Monthly,No
C0487,35.0,83765.0,Chennai,Premium,39.0,1888.0,1.0,Annual,No
C0488,44.0,105449.0,Chennai,Standard,4.0,813.0,1.0,Monthly,Yes
C0489,55.0,21099.0,Chennai,Standard,35.0,795.0,3.0,Monthly,Yes
C0490,47.0,61734.0,Chennai,Standard,22.0,1252.0,2.0,Annual,Yes
C0491,62.0,47458.0,Madurai,Standard,45.0,1265.0,3.0,Monthly,Yes
C0492,59.0,73100.0,Trichy,Premium,17.0,2507.0,1.0,Annual,No
C0493,54.0,55142.0,Trichy,Basic,32.0,530.0,3.0,Annual,No
C0494,47.0,65680.0,Madurai,Basic,45.0,574.0,0.0,Monthly,No
C0495,33.0,118937.0,Madurai,Basic,5.0,403.0,2.0,Monthly,Yes
C0496,38.0,65587.0,Trichy,Premium,57.0,1904.0,2.0,Annual,No
C0497,25.0,80759.0,Trichy,Standard,52.0,1362.0,3.0,Annual,No
C0498,37.0,63961.0,Chennai,Standard,5.0,1147.0,0.0,Annual,No
C0499,62.0,71969.0,Madurai,Premium,5.0,1805.0,1.0,Annual,No
C0500,39.0,,Salem,Premium,62.0,1336.0,1.0,Monthly,Yes
C0501,25.0,,Coimbatore,Basic,21.0,814.0,6.0,Monthly,No
C0502,49.0,100298.0,Coimbatore,Premium,62.0,1650.0,7.0,Annual,Yes
C0503,64.0,112832.0,Trichy,Premium,36.0,1841.0,3.0,Annual,No
C0504,59.0,78050.0,Trichy,Basic,25.0,529.0,1.0,Annual,No
C0505,32.0,85328.0,Trichy,Premium,20.0,1699.0,1.0,Monthly,Yes
C0506,40.0,40078.0,Salem,Standard,48.0,956.0,2.0,Annual,No
C0507,,67715.0,Chennai,Standard,8.0,1002.0,3.0,Annual,No
C0508,31.0,94448.0,Coimbatore,Standard,29.0,914.0,7.0,Monthly,Yes
C0509,32.0,92515.0,Madurai,Basic,25.0,434.0,2.0,Annual,Yes
C0510,30.0,75502.0,Madurai,Basic,12.0,532.0,3.0,Annual,Yes
C0511,65.0,93046.0,Coimbatore,Basic,26.0,530.0,2.0,Monthly,Yes
C0512,54.0,82760.0,Madurai,Basic,39.0,482.0,2.0,Monthly,No
C0513,58.0,,Coimbatore,Standard,49.0,1045.0,4.0,Monthly,Yes
C0514,57.0,77523.0,Salem,Standard,7.0,1202.0,3.0,Two-Year,No
C0515,64.0,60752.0,Coimbatore,Basic,63.0,657.0,0.0,Monthly,No
C0516,24.0,78732.0,Coimbatore,Standard,64.0,901.0,3.0,Monthly,Yes
C0517,60.0,18000.0,Chennai,Standard,50.0,1036.0,2.0,Monthly,Yes
C0518,23.0,79955.0,Chennai,Standard,67.0,722.0,3.0,Monthly,Yes
C0519,41.0,18000.0,Trichy,Premium,31.0,1631.0,4.0,Monthly,Yes
C0520,47.0,25190.0,Coimbatore,Standard,60.0,1422.0,6.0,Annual,No
C0521,36.0,81746.0,Chennai,Premium,53.0,2053.0,3.0,Monthly,No
C0522,26.0,82416.0,Salem,Basic,41.0,636.0,3.0,Monthly,Yes
C0523,28.0,39777.0,Madurai,Standard,13.0,1160.0,1.0,Monthly,Yes
C0524,57.0,51485.0,Chennai,Premium,41.0,2192.0,2.0,Monthly,No
C0525,34.0,,Coimbatore,Premium,65.0,2162.0,2.0,Monthly,No
C0526,34.0,57415.0,Chennai,Standard,71.0,1163.0,2.0,Annual,No
C0527,62.0,128316.0,Madurai,Standard,33.0,1096.0,3.0,Annual,No
C0528,26.0,69950.0,Chennai,Standard,18.0,962.0,1.0,Annual,No
C0529,62.0,80609.0,Chennai,Standard,54.0,933.0,1.0,Monthly,No
C0530,62.0,112039.0,Chennai,Premium,6.0,1421.0,3.0,Two-Year,No
C0531,47.0,73407.0,Madurai,Premium,11.0,1775.0,0.0,Annual,No
C0532,27.0,,Chennai,Standard,41.0,850.0,1.0,Monthly,No
C0533,27.0,67147.0,Salem,Basic,72.0,539.0,2.0,Monthly,Yes
C0534,33.0,69074.0,Chennai,Standard,24.0,1111.0,1.0,Annual,Yes
C0535,46.0,34517.0,Madurai,Basic,32.0,524.0,3.0,Monthly,Yes
C0536,,63348.0,Coimbatore,Basic,24.0,531.0,2.0,Monthly,Yes
C0537,40.0,50703.0,Coimbatore,Basic,32.0,531.0,1.0,Annual,No
C0538,25.0,94033.0,Chennai,Standard,1.0,557.0,3.0,Monthly,Yes
C0539,44.0,,Salem,Basic,43.0,404.0,1.0,Two-Year,No
C0540,20.0,62647.0,Trichy,Basic,43.0,451.0,2.0,Monthly,No
C0541,52.0,67239.0,Chennai,Basic,23.0,250.0,3.0,Monthly,No
C0542,22.0,75801.0,Chennai,Premium,20.0,1682.0,4.0,Monthly,Yes
C0543,28.0,86037.0,,Standard,55.0,1253.0,3.0,Monthly,No
C0544,28.0,44007.0,Madurai,Basic,14.0,489.0,5.0,Two-Year,No
C0545,58.0,42919.0,Chennai,Basic,4.0,683.0,1.0,Annual,No
C0546,22.0,98722.0,Chennai,Standard,3.0,1085.0,1.0,Two-Year,Yes
C0547,39.0,59279.0,Madurai,Basic,64.0,559.0,2.0,Annual,No
C0548,47.0,33162.0,,Standard,27.0,1392.0,1.0,Monthly,Yes
C0549,43.0,81539.0,Madurai,Standard,8.0,791.0,3.0,Monthly,Yes
C0550,51.0,82048.0,Trichy,Premium,64.0,2254.0,2.0,Monthly,No
C0551,56.0,30201.0,Coimbatore,Basic,11.0,452.0,4.0,Two-Year,No
C0552,38.0,75967.0,Coimbatore,Standard,25.0,1100.0,3.0,Annual,No
C0553,58.0,89125.0,Coimbatore,Basic,2.0,497.0,2.0,Monthly,Yes
C0554,34.0,,Coimbatore,Premium,49.0,1789.0,1.0,Annual,No
C0555,65.0,86432.0,Chennai,Premium,51.0,2065.0,4.0,Annual,No
C0556,43.0,33489.0,,Standard,55.0,1038.0,4.0,Monthly,No
C0557,53.0,78607.0,Coimbatore,Standard,19.0,949.0,0.0,Annual,No
C0558,60.0,62132.0,Salem,Basic,24.0,408.0,4.0,Annual,No
C0559,56.0,57447.0,Chennai,Premium,68.0,1857.0,2.0,Two-Year,No
C0560,59.0,92634.0,Coimbatore,Standard,60.0,1244.0,0.0,Monthly,No
C0561,44.0,108461.0,Madurai,Basic,3.0,616.0,3.0,Monthly,No
C0562,21.0,116654.0,Madurai,Standard,50.0,1191.0,4.0,Monthly,No
C0563,42.0,104185.0,Salem,Standard,59.0,1059.0,4.0,Two-Year,No
C0564,28.0,67147.0,Salem,Premium,41.0,1968.0,1.0,Two-Year,No
C0565,60.0,79171.0,Salem,Standard,47.0,1004.0,0.0,,No
C0566,30.0,89937.0,Chennai,Standard,1.0,,3.0,,Yes
C0567,30.0,73151.0,Coimbatore,Standard,3.0,925.0,2.0,Monthly,Yes
C0568,31.0,73400.0,Madurai,Basic,3.0,772.0,5.0,,No
C0569,49.0,91418.0,Chennai,Standard,12.0,1092.0,1.0,Monthly,No
C0570,46.0,68459.0,Chennai,,72.0,643.0,4.0,Annual,No
C0571,63.0,51039.0,Chennai,Premium,46.0,1864.0,3.0,Two-Year,No
C0572,39.0,59224.0,Coimbatore,Standard,57.0,1126.0,1.0,Monthly,No
C0573,32.0,86482.0,Coimbatore,Standard,22.0,903.0,2.0,Monthly,No
C0574,22.0,70078.0,Chennai,Basic,68.0,554.0,1.0,Monthly,No
C0575,20.0,78845.0,Salem,Basic,15.0,617.0,3.0,Monthly,Yes
C0576,37.0,87422.0,Trichy,Standard,65.0,821.0,4.0,Annual,No
C0577,62.0,60254.0,Chennai,Basic,3.0,473.0,4.0,Monthly,Yes
C0578,44.0,89662.0,Trichy,Basic,2.0,616.0,1.0,Monthly,No
C0579,61.0,79850.0,Chennai,Premium,6.0,1987.0,1.0,Monthly,No
C0580,24.0,37895.0,Trichy,Standard,58.0,975.0,1.0,Monthly,No
C0581,24.0,107500.0,Trichy,Standard,19.0,882.0,3.0,Annual,No
C0582,58.0,56981.0,Chennai,Standard,33.0,958.0,3.0,Annual,No
C0583,24.0,26968.0,Salem,Premium,34.0,1967.0,1.0,Annual,No
C0584,22.0,42829.0,Trichy,Basic,57.0,,5.0,Annual,No
C0585,38.0,43453.0,Trichy,Premium,26.0,1787.0,3.0,Monthly,No
C0586,62.0,71357.0,Trichy,Premium,1.0,2294.0,3.0,Annual,No
C0587,51.0,62880.0,Madurai,Standard,28.0,978.0,3.0,Monthly,Yes
C0588,24.0,61242.0,Chennai,Standard,21.0,862.0,2.0,Two-Year,No
C0589,58.0,86112.0,Salem,Standard,53.0,973.0,1.0,Monthly,No
C0590,58.0,78837.0,Madurai,Standard,55.0,578.0,1.0,Monthly,No
C0591,56.0,78217.0,Madurai,Standard,7.0,1028.0,2.0,Monthly,Yes
C0592,61.0,80656.0,Coimbatore,Standard,58.0,1019.0,3.0,Annual,No
C0593,31.0,86020.0,Madurai,Basic,6.0,524.0,3.0,Monthly,Yes
C0594,65.0,18000.0,Chennai,Basic,45.0,433.0,0.0,Two-Year,No
C0595,,60525.0,Salem,Standard,29.0,1259.0,2.0,Monthly,Yes
C0596,56.0,18000.0,Chennai,Basic,22.0,458.0,1.0,Two-Year,No
C0597,46.0,70938.0,Salem,Standard,35.0,1275.0,1.0,Annual,No
C0598,55.0,,Salem,Standard,23.0,1041.0,5.0,Monthly,Yes
C0599,48.0,97184.0,Coimbatore,Premium,58.0,1438.0,0.0,Monthly,No
C0600,49.0,100878.0,Coimbatore,Basic,70.0,477.0,1.0,Monthly,No
C0601,48.0,75272.0,Coimbatore,Standard,59.0,1178.0,4.0,Two-Year,No
C0602,55.0,56991.0,Trichy,Standard,32.0,911.0,0.0,Two-Year,No
C0603,53.0,82614.0,Salem,Basic,37.0,429.0,1.0,Monthly,Yes
C0604,26.0,56274.0,Coimbatore,Basic,33.0,587.0,4.0,Monthly,Yes
C0605,57.0,69964.0,Chennai,Basic,58.0,532.0,2.0,Monthly,Yes
C0606,44.0,95640.0,Chennai,Basic,40.0,964.0,1.0,Monthly,Yes
C0607,34.0,55498.0,Coimbatore,Basic,34.0,584.0,2.0,Annual,No
C0608,43.0,90948.0,Trichy,Standard,30.0,725.0,1.0,Monthly,Yes
C0609,64.0,,Salem,Standard,28.0,667.0,2.0,Monthly,No
C0610,59.0,45175.0,Chennai,Basic,40.0,329.0,4.0,Two-Year,No
C0611,58.0,95321.0,Trichy,Basic,50.0,561.0,1.0,Annual,No
C0612,41.0,88163.0,Coimbatore,Basic,32.0,789.0,0.0,Annual,Yes
C0613,56.0,72650.0,Trichy,Standard,59.0,1049.0,0.0,Monthly,Yes
C0614,37.0,50180.0,Chennai,Basic,60.0,342.0,4.0,Two-Year,No
C0615,51.0,47661.0,Madurai,Standard,31.0,,2.0,Annual,No
C0616,49.0,,Trichy,Basic,66.0,725.0,2.0,Annual,No
C0617,31.0,84107.0,Chennai,Basic,13.0,595.0,3.0,Monthly,Yes
C0618,32.0,45154.0,Madurai,,68.0,1961.0,2.0,Two-Year,No
C0619,22.0,81375.0,Trichy,Basic,22.0,468.0,1.0,Annual,No
C0620,26.0,37714.0,Chennai,Basic,41.0,483.0,2.0,Two-Year,No
C0621,39.0,64694.0,Chennai,,21.0,593.0,3.0,Annual,Yes
C0622,41.0,72851.0,,Premium,32.0,2053.0,3.0,Annual,No
C0623,27.0,,Coimbatore,Standard,25.0,1063.0,1.0,Annual,No
C0624,39.0,,Chennai,Standard,51.0,1056.0,1.0,Two-Year,No
C0625,47.0,108272.0,Coimbatore,Premium,6.0,1744.0,3.0,,Yes
C0626,30.0,73896.0,Salem,Basic,61.0,391.0,3.0,Monthly,Yes
C0627,35.0,80690.0,Chennai,Premium,66.0,2265.0,1.0,Annual,No
C0628,36.0,73077.0,Coimbatore,Basic,41.0,389.0,5.0,Annual,No
C0629,43.0,81563.0,Salem,Standard,40.0,997.0,1.0,Annual,No
C0630,36.0,66004.0,,Standard,51.0,1114.0,4.0,Annual,No
C0631,53.0,107805.0,Salem,Standard,15.0,669.0,5.0,Annual,No
C0632,35.0,58132.0,Coimbatore,Premium,54.0,1828.0,0.0,Annual,No
C0633,39.0,99438.0,Trichy,Basic,16.0,539.0,4.0,Monthly,No
C0634,37.0,53246.0,Madurai,Premium,49.0,2247.0,4.0,Two-Year,No
C0635,28.0,68433.0,Chennai,Standard,23.0,964.0,2.0,Monthly,No
C0636,51.0,42129.0,Trichy,Standard,54.0,1041.0,2.0,Annual,No
C0637,30.0,81831.0,Coimbatore,Premium,57.0,1798.0,0.0,Two-Year,No
C0638,33.0,107573.0,Chennai,Basic,16.0,460.0,6.0,,Yes
C0639,56.0,67989.0,Chennai,Premium,45.0,2189.0,2.0,Monthly,No
C0640,63.0,64881.0,Madurai,Standard,36.0,1057.0,3.0,Monthly,No
C0641,50.0,41020.0,Chennai,Standard,22.0,1125.0,2.0,Annual,No
C0642,62.0,64038.0,Chennai,Basic,43.0,590.0,2.0,Monthly,Yes
C0643,59.0,28587.0,Chennai,Standard,72.0,1203.0,2.0,Monthly,No
C0644,42.0,46265.0,Coimbatore,Standard,1.0,927.0,0.0,Two-Year,No
C0645,55.0,75896.0,Coimbatore,Standard,69.0,873.0,7.0,Monthly,No
C0646,35.0,104294.0,Madurai,Basic,62.0,560.0,3.0,Annual,No
C0647,41.0,143039.0,Chennai,Basic,39.0,380.0,2.0,Annual,No
C0648,44.0,54749.0,Chennai,Premium,44.0,2033.0,2.0,Monthly,Yes
C0649,64.0,107318.0,Madurai,Basic,27.0,547.0,1.0,Monthly,No
C0650,59.0,76338.0,Coimbatore,Standard,10.0,1285.0,2.0,Two-Year,No
C0651,42.0,66068.0,Madurai,Premium,42.0,1808.0,1.0,Annual,No
C0652,50.0,81247.0,Chennai,Basic,59.0,,2.0,Monthly,Yes
C0653,29.0,71610.0,Chennai,Basic,17.0,463.0,3.0,Annual,No
C0654,57.0,72870.0,Chennai,Standard,52.0,1415.0,3.0,Annual,No
C0655,45.0,59383.0,Coimbatore,Basic,54.0,670.0,4.0,Monthly,No
C0656,44.0,,Coimbatore,Standard,55.0,1136.0,2.0,Annual,No
C0657,55.0,29866.0,Salem,Standard,25.0,809.0,0.0,Annual,No
C0658,49.0,,Coimbatore,Standard,29.0,1050.0,2.0,Monthly,Yes
C0659,23.0,62806.0,Madurai,,30.0,1142.0,2.0,Two-Year,No
C0660,33.0,54502.0,Madurai,Standard,62.0,1005.0,3.0,Monthly,No
C0661,28.0,70221.0,Chennai,Standard,65.0,1244.0,3.0,Monthly,No
C0662,53.0,90668.0,Coimbatore,Basic,30.0,353.0,2.0,Monthly,Yes
C0663,21.0,74689.0,Coimbatore,Standard,70.0,880.0,1.0,Annual,No
C0664,29.0,52943.0,Coimbatore,Premium,42.0,1490.0,3.0,Annual,Yes
C0665,47.0,101884.0,Chennai,Standard,28.0,892.0,2.0,Two-Year,No
C0666,51.0,111059.0,Salem,Standard,1.0,1339.0,3.0,Monthly,Yes
C0667,43.0,82858.0,Trichy,Basic,44.0,615.0,0.0,Annual,No
C0668,59.0,95315.0,Chennai,Basic,47.0,804.0,3.0,Annual,No
C0669,62.0,102291.0,Madurai,Basic,70.0,717.0,1.0,Monthly,Yes
C0670,26.0,99383.0,Salem,Basic,52.0,519.0,1.0,Monthly,No
C0671,63.0,85967.0,Chennai,Premium,3.0,1589.0,1.0,Annual,No
C0672,,85557.0,Salem,Basic,41.0,657.0,2.0,Monthly,No
C0673,49.0,83511.0,Madurai,Premium,54.0,1801.0,4.0,Annual,No
C0674,24.0,41469.0,Trichy,Basic,36.0,509.0,5.0,Annual,No
C0675,48.0,88219.0,Trichy,Basic,31.0,,4.0,Monthly,Yes
C0676,53.0,34749.0,Chennai,Standard,59.0,1008.0,2.0,Two-Year,Yes
C0677,46.0,49340.0,,Basic,45.0,616.0,3.0,Annual,Yes
C0678,,103893.0,Madurai,Premium,50.0,1862.0,5.0,Annual,No
C0679,44.0,91846.0,Chennai,Premium,34.0,1624.0,2.0,Annual,No
C0680,63.0,108672.0,Coimbatore,Premium,21.0,1595.0,2.0,Monthly,No
C0681,53.0,62936.0,Trichy,Basic,38.0,695.0,3.0,Annual,Yes
C0682,26.0,40042.0,Chennai,Premium,70.0,1457.0,2.0,Monthly,No
C0683,64.0,63749.0,Coimbatore,Basic,44.0,756.0,3.0,Monthly,No
C0684,64.0,,Salem,Premium,51.0,1807.0,0.0,Monthly,No
C0685,27.0,72054.0,Coimbatore,Standard,9.0,1081.0,2.0,Monthly,Yes
C0686,56.0,99476.0,Coimbatore,Basic,72.0,615.0,4.0,Monthly,Yes
C0687,38.0,60607.0,Trichy,Basic,18.0,943.0,1.0,Monthly,No
C0688,47.0,79153.0,Coimbatore,Basic,70.0,407.0,3.0,Two-Year,No
C0689,40.0,44296.0,Chennai,Basic,33.0,467.0,2.0,Monthly,No
C0690,56.0,,Chennai,Premium,67.0,1980.0,1.0,Monthly,No
C0691,65.0,70081.0,Trichy,Premium,65.0,1873.0,2.0,Monthly,No
C0692,56.0,50505.0,Chennai,Premium,55.0,1683.0,1.0,Annual,No
C0693,62.0,63868.0,Coimbatore,Basic,66.0,470.0,2.0,Monthly,No
C0694,63.0,65211.0,Chennai,Standard,44.0,1065.0,3.0,Annual,No
C0695,24.0,62976.0,Coimbatore,Basic,62.0,689.0,2.0,Annual,No
C0696,31.0,116055.0,Trichy,Standard,13.0,1052.0,3.0,Monthly,Yes
C0697,53.0,67440.0,Coimbatore,Basic,6.0,435.0,2.0,Two-Year,No
C0698,47.0,63659.0,Trichy,Basic,40.0,719.0,1.0,Monthly,Yes
C0699,22.0,,Chennai,Standard,59.0,953.0,2.0,Annual,No
C0700,24.0,46751.0,Coimbatore,Basic,56.0,622.0,1.0,Monthly,Yes
C0701,43.0,63160.0,Trichy,Standard,39.0,1124.0,2.0,Annual,No
C0702,48.0,52168.0,Coimbatore,Standard,38.0,1133.0,1.0,Two-Year,No
C0703,27.0,105924.0,Chennai,Basic,44.0,541.0,2.0,Monthly,No
C0704,27.0,65712.0,Trichy,,63.0,2047.0,2.0,Monthly,No
C0705,25.0,103500.0,Coimbatore,Standard,61.0,1017.0,3.0,Monthly,No
C0706,45.0,71604.0,Madurai,Premium,8.0,1834.0,1.0,Monthly,No
C0707,20.0,70968.0,Trichy,Standard,43.0,963.0,3.0,Two-Year,No
C0708,46.0,67691.0,Chennai,Standard,28.0,1244.0,3.0,Annual,No
C0709,41.0,70099.0,Coimbatore,Standard,58.0,747.0,4.0,Annual,No
C0710,41.0,114689.0,Chennai,Premium,37.0,1834.0,0.0,Two-Year,No
C0711,51.0,18000.0,,Standard,72.0,1335.0,2.0,Two-Year,No
C0712,44.0,18000.0,Chennai,Basic,32.0,610.0,1.0,Annual,No
C0713,53.0,55878.0,Madurai,Basic,49.0,475.0,4.0,Monthly,No
C0714,55.0,70378.0,Chennai,Standard,8.0,,3.0,Monthly,No
C0715,62.0,87943.0,Madurai,Basic,68.0,518.0,1.0,Monthly,No
C0716,56.0,82300.0,Chennai,Basic,12.0,498.0,1.0,Monthly,Yes
C0717,43.0,60010.0,Coimbatore,Basic,28.0,,3.0,Monthly,Yes
C0718,42.0,96495.0,Coimbatore,Standard,61.0,1294.0,0.0,Monthly,No
C0719,30.0,96785.0,Salem,Basic,70.0,455.0,2.0,Monthly,Yes
C0720,47.0,74786.0,Coimbatore,Standard,35.0,892.0,1.0,Monthly,No
C0721,26.0,95029.0,Coimbatore,Premium,35.0,1710.0,1.0,Monthly,No
C0722,62.0,77089.0,Trichy,Premium,4.0,1576.0,2.0,Monthly,No
C0723,58.0,55401.0,Madurai,Basic,71.0,731.0,2.0,Monthly,No
C0724,25.0,88143.0,Chennai,Standard,2.0,669.0,0.0,Annual,No
C0725,56.0,72876.0,Trichy,Standard,2.0,1040.0,0.0,Annual,No
C0726,25.0,70035.0,Coimbatore,Standard,35.0,784.0,2.0,Annual,No
C0727,53.0,108297.0,Chennai,Standard,1.0,1341.0,2.0,Monthly,Yes
C0728,24.0,18000.0,Coimbatore,Basic,12.0,654.0,0.0,Monthly,Yes
C0729,42.0,33140.0,Chennai,Premium,46.0,2277.0,1.0,Monthly,No
C0730,50.0,39136.0,Chennai,Basic,51.0,493.0,1.0,Monthly,Yes
C0731,53.0,60555.0,Salem,Premium,22.0,2017.0,4.0,Monthly,Yes
C0732,39.0,63380.0,Chennai,Standard,58.0,852.0,3.0,Two-Year,No
C0733,62.0,30810.0,Salem,Basic,44.0,689.0,1.0,Monthly,No
C0734,55.0,44386.0,Trichy,Standard,17.0,1452.0,2.0,Monthly,No
C0735,29.0,47618.0,Madurai,Basic,52.0,397.0,3.0,Annual,No
C0736,50.0,133893.0,Salem,Premium,43.0,1504.0,2.0,Annual,No
C0737,53.0,116845.0,Salem,Standard,59.0,972.0,2.0,Monthly,No
C0738,35.0,59295.0,Trichy,Basic,12.0,771.0,4.0,Monthly,No
C0739,53.0,60547.0,Coimbatore,Basic,17.0,597.0,4.0,Two-Year,No
C0740,61.0,40121.0,Chennai,Premium,22.0,1176.0,1.0,Monthly,Yes
C0741,57.0,20389.0,Coimbatore,Basic,25.0,642.0,1.0,Annual,No
C0742,55.0,66961.0,Madurai,Premium,64.0,1617.0,1.0,Annual,No
C0743,49.0,44056.0,Chennai,Premium,53.0,2383.0,1.0,Monthly,No
C0744,32.0,,Madurai,Standard,40.0,930.0,2.0,Annual,No
C0745,56.0,28395.0,Chennai,Basic,39.0,719.0,4.0,Monthly,Yes
C0746,36.0,50189.0,Trichy,Standard,64.0,1036.0,0.0,Monthly,No
C0747,44.0,73864.0,Chennai,Premium,33.0,1944.0,4.0,Monthly,No
C0748,34.0,79521.0,Chennai,Basic,17.0,494.0,3.0,Two-Year,No
C0749,34.0,80854.0,Chennai,Basic,10.0,501.0,1.0,Monthly,Yes
C0750,27.0,35667.0,Chennai,Basic,24.0,753.0,3.0,Monthly,Yes
C0751,64.0,92222.0,Chennai,Standard,48.0,1161.0,3.0,Two-Year,No
C0752,26.0,49194.0,Chennai,Standard,34.0,1050.0,4.0,,Yes
C0753,23.0,86454.0,Chennai,Standard,31.0,1070.0,3.0,Two-Year,No
C0754,63.0,69723.0,Chennai,Standard,35.0,862.0,1.0,Annual,No
C0755,45.0,34214.0,,Basic,71.0,497.0,1.0,Annual,No
C0756,40.0,61779.0,Coimbatore,Basic,72.0,361.0,2.0,Annual,No
C0757,53.0,79499.0,Coimbatore,Basic,12.0,446.0,0.0,Annual,Yes
C0758,37.0,85937.0,Coimbatore,Premium,9.0,1715.0,8.0,Monthly,Yes
C0759,25.0,66334.0,Chennai,Standard,18.0,1304.0,5.0,Two-Year,No
C0760,53.0,109826.0,Chennai,Standard,62.0,1219.0,6.0,Two-Year,No
C0761,28.0,96195.0,Chennai,Premium,34.0,2108.0,1.0,Two-Year,No
C0762,45.0,63327.0,Salem,Basic,63.0,471.0,1.0,Annual,No
C0763,63.0,89503.0,Trichy,Basic,47.0,751.0,2.0,Annual,No
C0764,63.0,120279.0,Trichy,Basic,40.0,527.0,2.0,Annual,No
C0765,36.0,120973.0,Coimbatore,Premium,21.0,1766.0,2.0,Monthly,No
C0766,55.0,38072.0,Madurai,Standard,25.0,,1.0,Annual,No
C0767,48.0,45910.0,Coimbatore,Standard,11.0,882.0,6.0,Annual,Yes
C0768,42.0,108608.0,Salem,Basic,38.0,479.0,1.0,Annual,No
C0769,26.0,42485.0,Salem,Basic,21.0,551.0,2.0,Monthly,Yes
C0770,37.0,35614.0,Salem,Standard,22.0,,3.0,Monthly,Yes
C0771,49.0,57359.0,Trichy,Standard,3.0,785.0,1.0,Annual,Yes
C0772,65.0,80926.0,Coimbatore,Premium,58.0,2486.0,2.0,Monthly,No
C0773,20.0,67338.0,Salem,Premium,68.0,2189.0,1.0,Two-Year,No
C0774,53.0,53085.0,Salem,Standard,36.0,810.0,2.0,Annual,Yes
C0775,58.0,52470.0,Coimbatore,Standard,39.0,1118.0,2.0,Monthly,No
C0776,63.0,51479.0,Trichy,Premium,67.0,1794.0,1.0,Monthly,No
C0777,39.0,47133.0,Chennai,Standard,37.0,951.0,3.0,Annual,No
C0778,25.0,129322.0,Trichy,Standard,45.0,,4.0,Monthly,Yes
C0779,,77735.0,Salem,Premium,31.0,1964.0,1.0,Two-Year,Yes
C0780,59.0,93056.0,,Basic,38.0,544.0,0.0,Monthly,No
C0781,60.0,57284.0,Madurai,Premium,38.0,1508.0,2.0,Monthly,No
C0782,49.0,65165.0,Chennai,Basic,52.0,485.0,3.0,Monthly,No
C0783,25.0,51448.0,Salem,Standard,44.0,1209.0,1.0,Annual,No
C0784,25.0,18000.0,Salem,Premium,37.0,1736.0,1.0,Two-Year,No
C0785,41.0,34172.0,Madurai,Standard,6.0,1217.0,1.0,Two-Year,No
C0786,47.0,22924.0,Trichy,Standard,66.0,694.0,3.0,Annual,No
C0787,21.0,18000.0,Chennai,Standard,64.0,1294.0,2.0,Annual,No
C0788,51.0,38921.0,Chennai,Basic,14.0,564.0,2.0,Monthly,Yes
C0789,45.0,104449.0,Coimbatore,Basic,22.0,438.0,3.0,Annual,No
C0790,20.0,68845.0,Chennai,Basic,71.0,497.0,2.0,Two-Year,Yes
C0791,24.0,103555.0,Coimbatore,Standard,24.0,1059.0,3.0,Monthly,Yes
C0792,40.0,80686.0,Chennai,Standard,59.0,1000.0,1.0,Two-Year,No
C0793,53.0,90347.0,Coimbatore,Basic,57.0,618.0,2.0,Monthly,No
C0794,57.0,46577.0,Coimbatore,Premium,62.0,1795.0,3.0,Monthly,No
C0795,39.0,83623.0,Trichy,Standard,2.0,1206.0,2.0,Annual,Yes
C0796,33.0,88947.0,Chennai,Standard,35.0,764.0,4.0,Two-Year,No
C0797,64.0,55007.0,Trichy,Standard,41.0,953.0,2.0,Monthly,No
C0798,41.0,84548.0,Coimbatore,Basic,61.0,673.0,1.0,Annual,No
C0799,34.0,84721.0,Coimbatore,Standard,17.0,937.0,3.0,Monthly,Yes
C0800,,55712.0,Coimbatore,Standard,23.0,1007.0,2.0,Annual,No
C0801,20.0,40808.0,Coimbatore,Basic,13.0,568.0,2.0,Annual,Yes
C0802,,39213.0,Chennai,Premium,55.0,1308.0,4.0,Monthly,No
C0803,43.0,72249.0,Coimbatore,Premium,72.0,1815.0,0.0,Annual,No
C0804,,,Chennai,Standard,11.0,1017.0,2.0,Annual,Yes
C0805,53.0,49394.0,Coimbatore,Premium,17.0,2285.0,3.0,Annual,No
C0806,55.0,70691.0,Madurai,Premium,23.0,1942.0,3.0,Monthly,No
C0807,45.0,84834.0,Coimbatore,Basic,65.0,540.0,3.0,Monthly,No
C0808,25.0,86073.0,Salem,Standard,33.0,1198.0,1.0,Two-Year,No
C0809,37.0,110349.0,Chennai,Standard,21.0,1240.0,0.0,Annual,No
C0810,65.0,103202.0,Trichy,Basic,24.0,593.0,5.0,Annual,No
C0811,22.0,43966.0,Salem,Basic,44.0,443.0,3.0,Annual,No
C0812,60.0,113773.0,Trichy,Basic,28.0,279.0,1.0,Two-Year,No
C0813,51.0,56195.0,Salem,Standard,11.0,1108.0,2.0,Monthly,No
C0814,33.0,97167.0,Chennai,Premium,60.0,2185.0,1.0,Annual,No
C0815,55.0,71768.0,Madurai,Premium,31.0,1683.0,5.0,Annual,No
C0816,58.0,59284.0,Chennai,Basic,19.0,412.0,2.0,Monthly,No
C0817,21.0,23000.0,Salem,Basic,53.0,561.0,0.0,Monthly,No
C0818,24.0,65539.0,Madurai,Standard,54.0,1316.0,0.0,Annual,No
C0819,50.0,29456.0,Chennai,Standard,12.0,1191.0,1.0,Two-Year,No
C0820,65.0,95150.0,Trichy,Premium,6.0,2394.0,2.0,Annual,No
C0821,21.0,109437.0,Chennai,Premium,4.0,1418.0,3.0,Monthly,No
C0822,50.0,49280.0,Madurai,Premium,56.0,1758.0,6.0,Two-Year,No
C0823,26.0,77851.0,Salem,Premium,46.0,1581.0,6.0,Monthly,No
C0824,49.0,51140.0,Chennai,Premium,58.0,2107.0,0.0,Monthly,No
C0825,48.0,53659.0,Madurai,Standard,46.0,1144.0,0.0,Two-Year,No
C0826,24.0,,Salem,Basic,29.0,,3.0,Annual,Yes
C0827,51.0,68998.0,Chennai,Basic,43.0,506.0,3.0,Two-Year,No
C0828,61.0,115231.0,Coimbatore,Standard,53.0,1146.0,1.0,Annual,No
C0829,59.0,57462.0,Chennai,Basic,29.0,288.0,1.0,Annual,No
C0830,21.0,95983.0,Madurai,Basic,66.0,666.0,2.0,Monthly,No
C0831,31.0,72533.0,Chennai,Premium,65.0,2024.0,0.0,Monthly,No
C0832,31.0,90690.0,Trichy,Basic,58.0,529.0,1.0,Two-Year,No
C0833,40.0,58374.0,Trichy,Premium,72.0,1833.0,2.0,Two-Year,No
C0834,26.0,68711.0,Chennai,Premium,29.0,2392.0,7.0,,Yes
C0835,59.0,66997.0,Coimbatore,Standard,9.0,1207.0,5.0,Monthly,No
C0836,55.0,48263.0,Madurai,Standard,35.0,1250.0,3.0,Monthly,No
C0837,57.0,87214.0,Salem,Basic,54.0,414.0,1.0,Monthly,No
C0838,29.0,,Coimbatore,Standard,57.0,1156.0,3.0,Two-Year,No
C0839,20.0,,Chennai,Basic,28.0,655.0,1.0,Monthly,Yes
C0840,61.0,109961.0,Chennai,Premium,22.0,1914.0,1.0,Monthly,No
C0841,33.0,107683.0,Trichy,Basic,33.0,368.0,2.0,Two-Year,No
C0842,50.0,60251.0,Coimbatore,Basic,58.0,534.0,1.0,Annual,No
C0843,61.0,79699.0,Trichy,Standard,5.0,971.0,0.0,Monthly,Yes
C0844,21.0,53786.0,Coimbatore,Standard,24.0,1406.0,0.0,Monthly,No
C0845,20.0,70607.0,Trichy,Standard,17.0,775.0,3.0,Monthly,Yes
C0846,20.0,54407.0,Chennai,Standard,59.0,1119.0,2.0,Monthly,No
C0847,27.0,112122.0,Chennai,Basic,34.0,607.0,1.0,Monthly,Yes
C0848,22.0,79456.0,Trichy,Standard,7.0,1213.0,2.0,Monthly,Yes
C0849,57.0,64331.0,Trichy,Basic,19.0,637.0,3.0,Monthly,Yes
C0850,47.0,101034.0,Coimbatore,Basic,4.0,504.0,4.0,Monthly,Yes
C0851,65.0,18000.0,Coimbatore,Basic,35.0,516.0,4.0,Monthly,No
C0852,,18000.0,Coimbatore,Basic,72.0,623.0,2.0,Two-Year,No
C0853,64.0,90692.0,Coimbatore,Basic,41.0,355.0,2.0,Monthly,Yes
C0854,30.0,71572.0,Chennai,Standard,63.0,1369.0,5.0,Monthly,No
C0855,33.0,76512.0,Trichy,Basic,54.0,572.0,4.0,Two-Year,No
C0856,59.0,35514.0,Chennai,Basic,64.0,704.0,1.0,Monthly,No
C0857,31.0,69396.0,Salem,Standard,23.0,1111.0,3.0,Annual,No
C0858,22.0,122091.0,Chennai,Basic,69.0,439.0,3.0,Two-Year,No
C0859,50.0,91429.0,Chennai,Standard,18.0,1068.0,1.0,Annual,No
C0860,56.0,74412.0,Madurai,Premium,32.0,1814.0,3.0,Monthly,Yes
C0861,64.0,58585.0,Coimbatore,Standard,50.0,917.0,2.0,Annual,No
C0862,62.0,59741.0,Madurai,Premium,21.0,1994.0,1.0,Annual,No
C0863,25.0,18000.0,Chennai,Basic,20.0,428.0,2.0,Monthly,No
C0864,55.0,76699.0,Trichy,,10.0,398.0,4.0,Monthly,Yes
C0865,58.0,91983.0,Salem,Standard,1.0,912.0,1.0,Monthly,Yes
C0866,52.0,29034.0,Trichy,Premium,37.0,,3.0,Two-Year,No
C0867,57.0,52803.0,Chennai,Premium,72.0,1888.0,3.0,Monthly,No
C0868,58.0,39906.0,Coimbatore,Basic,16.0,736.0,1.0,Monthly,Yes
C0869,40.0,,Coimbatore,Premium,32.0,1834.0,2.0,Annual,No
C0870,,71391.0,Madurai,Standard,68.0,1375.0,3.0,Two-Year,No
C0871,40.0,18000.0,Chennai,Basic,56.0,486.0,2.0,Monthly,No
C0872,29.0,85971.0,Chennai,Basic,1.0,,1.0,Monthly,Yes
C0873,25.0,89600.0,Coimbatore,Premium,37.0,2117.0,6.0,Monthly,No
C0874,25.0,63471.0,Chennai,Basic,11.0,346.0,2.0,Annual,Yes
C0875,52.0,18000.0,Coimbatore,Premium,18.0,1687.0,2.0,Monthly,Yes
C0876,43.0,44093.0,Chennai,Standard,18.0,864.0,1.0,Two-Year,No
C0877,44.0,102055.0,Chennai,Standard,45.0,1139.0,1.0,Monthly,Yes
C0878,54.0,18000.0,Madurai,Standard,15.0,1018.0,1.0,,No
C0879,45.0,,Coimbatore,Premium,19.0,2048.0,3.0,Monthly,Yes
C0880,48.0,39320.0,Coimbatore,Basic,17.0,446.0,3.0,Monthly,No
C0881,23.0,90919.0,Madurai,Basic,26.0,698.0,3.0,Annual,No
C0882,59.0,52447.0,Salem,Standard,48.0,1289.0,0.0,Annual,No
C0883,40.0,80503.0,Coimbatore,Standard,29.0,702.0,0.0,Monthly,No
C0884,27.0,84702.0,Madurai,Basic,24.0,713.0,4.0,Annual,Yes
C0885,57.0,117742.0,Trichy,Basic,38.0,689.0,2.0,Monthly,Yes
C0886,53.0,64724.0,Madurai,Basic,45.0,642.0,1.0,Annual,No
C0887,22.0,79777.0,Trichy,Basic,2.0,379.0,5.0,Monthly,Yes
C0888,28.0,31389.0,Salem,Basic,65.0,467.0,3.0,Annual,No
C0889,20.0,100951.0,Chennai,Premium,66.0,1856.0,1.0,Monthly,No
C0890,32.0,50227.0,Coimbatore,Basic,44.0,637.0,4.0,Two-Year,No
C0891,24.0,55420.0,Madurai,Premium,42.0,1842.0,0.0,Two-Year,No
C0892,52.0,69422.0,Trichy,Premium,51.0,2082.0,1.0,Two-Year,No
C0893,44.0,29365.0,Coimbatore,Basic,32.0,527.0,2.0,Two-Year,No
C0894,65.0,75948.0,Chennai,Standard,27.0,1151.0,3.0,Monthly,Yes
C0895,54.0,95154.0,Madurai,Standard,26.0,1120.0,3.0,Annual,Yes
C0896,48.0,77616.0,Chennai,Standard,12.0,1122.0,3.0,Monthly,No
C0897,43.0,28689.0,Salem,Basic,61.0,613.0,2.0,Two-Year,Yes
C0898,22.0,66781.0,Coimbatore,Basic,24.0,595.0,2.0,Monthly,Yes
C0899,23.0,89293.0,Salem,Basic,21.0,779.0,4.0,Monthly,No
C0900,,21172.0,Trichy,Standard,70.0,859.0,4.0,Annual,No
